0,"http://www.wikidata.org/entity/Q20277944","Judith with the Head of Holofernes","http://commons.wikimedia.org/wiki/Special:FilePath/Denys%20Calvaert%20-%20Judith%20with%20the%20Head%20of%20Holofernes%20-%20KMS981%20-%20Statens%20Museum%20for%20Kunst.jpg","","","","","http://www.wikidata.org/entity/Q671384","http://www.wikidata.org/entity/Q671384","Statens Museum for Kunst","http://www.wikidata.org/entity/Q544264","Denys Calvaert","male","http://www.wikidata.org/entity/Q6581823","Statens Museum for Kunst","55.68889","12.57861"
1,"http://www.wikidata.org/entity/Q20549802","Judith with the Head of Holofernes","http://commons.wikimedia.org/wiki/Special:FilePath/Massimo%20Stanzione%20-%20Judith%20with%20the%20Head%20of%20Holofernes%20-%2094.181%20-%20Museum%20of%20Fine%20Arts.jpg","","","","","http://www.wikidata.org/entity/Q49133","http://www.wikidata.org/entity/Q49133","Museum of Fine Arts","http://www.wikidata.org/entity/Q982384","Massimo Stanzione","male","http://www.wikidata.org/entity/Q173065","Museum of Fine Arts","42.339166666667","-71.094166666667"
2,"http://www.wikidata.org/entity/Q28001898","Judith","http://commons.wikimedia.org/wiki/Special:FilePath/Leopold%20Pollak%20-%20Judith%20-%203725%20-%20Kunsthistorisches%20Museum.jpg","","","","","http://www.wikidata.org/entity/Q303139","http://www.wikidata.org/entity/Q303139","Belvedere","http://www.wikidata.org/entity/Q28813418","Leopold Pollak","male","http://www.wikidata.org/entity/Q131964","Belvedere","48.19139","16.38049"
3,"http://www.wikidata.org/entity/Q28002900","Judith mit dem Haupt des Holofernes","http://commons.wikimedia.org/wiki/Special:FilePath/Joseph%20Hasslwander%20-%20Judith%20mit%20dem%20Haupt%20des%20Holofernes%20-%204482%20-%20%C3%96sterreichische%20Galerie%20Belvedere.jpg","","","","","http://www.wikidata.org/entity/Q303139","http://www.wikidata.org/entity/Q303139","Belvedere","http://www.wikidata.org/entity/Q28055102","Joseph Hasslwander","male","http://www.wikidata.org/entity/Q28513","Belvedere","48.19139","16.38049"
4,"http://www.wikidata.org/entity/Q28071787","Judith with the Head of Holofernes","http://commons.wikimedia.org/wiki/Special:FilePath/Lucas%20Cranach%20follower%20-%20Judith%20with%20the%20Head%20of%20Holofernes%202007%20AMS%2002795%200007.jpg","","","","","","http://www.wikidata.org/entity/Q28065304","Collection Goudstikker heirs","http://www.wikidata.org/.well-known/genid/0e20beb022708d0a53c1dda9f2e57285","","","","","",""
5,"http://www.wikidata.org/entity/Q29909510","Geschichte der Judith (Kopie nach)","http://commons.wikimedia.org/wiki/Special:FilePath/Hans%20Sch%C3%A4ufelein%20%28Kopie%20nach%29%20-%20Geschichte%20der%20Judith%20-%20WAF%20937%20-%20Bavarian%20State%20Painting%20Collections.jpg","","","","","http://www.wikidata.org/entity/Q812285","http://www.wikidata.org/entity/Q812285","Bavarian State Painting Collections","http://www.wikidata.org/entity/Q675272","Hans Leonhard Schäufelein","male","http://www.wikidata.org/entity/Q183","Bavarian State Painting Collections","48.149583","11.571776"
6,"http://www.wikidata.org/entity/Q30057872","Judith with the head of Holopherne","http://commons.wikimedia.org/wiki/Special:FilePath/Lucas%20Cranach%20d.%20%C3%84.%20%28Kopie%20nach%29%20-%20Judith%20mit%20dem%20Haupt%20des%20Holofernes%20-%20WAF%20180%20-%20Bavarian%20State%20Painting%20Collections.jpg","","","","","http://www.wikidata.org/entity/Q154568","http://www.wikidata.org/entity/Q1363771","Wittelsbacher Ausgleichsfonds","http://www.wikidata.org/entity/Q191748","Lucas Cranach the Elder","male","http://www.wikidata.org/entity/Q12548","Alte Pinakothek","48.148333","11.57"
7,"http://www.wikidata.org/entity/Q30097339","Judith und Holofernes","http://commons.wikimedia.org/wiki/Special:FilePath/Franz%20Xaver%20Wagensch%C3%B6n%20-%20Judith%20und%20Holofernes%20-%2010136%20-%20Bavarian%20State%20Painting%20Collections.jpg","1758","7","1726","1790","http://www.wikidata.org/entity/Q154568","http://www.wikidata.org/entity/Q812285","Bavarian State Painting Collections","http://www.wikidata.org/entity/Q875307","Franz Xaver Wagenschön","male","http://www.wikidata.org/entity/Q153136","Alte Pinakothek","48.148333","11.57"
8,"http://www.wikidata.org/entity/Q29938854","Judith mit dem Haupt des Holofernes (Nachfolger)","http://commons.wikimedia.org/wiki/Special:FilePath/Ambrosius%20Benson%20%28Nachfolger%29%20-%20Judith%20mit%20dem%20Haupt%20des%20Holofernes%20-%201143%20-%20Bavarian%20State%20Painting%20Collections.jpg","1600","7","1526","1550","http://www.wikidata.org/entity/Q154568","http://www.wikidata.org/entity/Q812285","Bavarian State Painting Collections","http://www.wikidata.org/.well-known/genid/5da3d5cec67c49e479b54db8838b32c4","","","","Alte Pinakothek","48.148333","11.57"
9,"http://www.wikidata.org/entity/Q30096134","Judith beheading Holofernes","http://commons.wikimedia.org/wiki/Special:FilePath/Peter%20Paul%20Rubens%20-%20Judith%20beheading%20Holofernes%20-%20M.Ob.1491%20-%20National%20Museum%20in%20Warsaw.jpg","1626","7","1625","1650","http://www.wikidata.org/entity/Q153306","http://www.wikidata.org/entity/Q153306","National Museum in Warsaw","http://www.wikidata.org/.well-known/genid/c3603ab9e0b293fef810d9d554017f24","","","","National Museum in Warsaw","52.231761111111","21.024766666667"
10,"http://www.wikidata.org/entity/Q28778013","Judith","http://commons.wikimedia.org/wiki/Special:FilePath/Carlo%20Maratta%20%28credited%29%20-%20Judith%20-%20Google%20Art%20Project.jpg","1625","8","1621","1630","http://www.wikidata.org/entity/Q220","http://www.wikidata.org/entity/Q333906","Capitoline Museums","http://www.wikidata.org/entity/Q538998","Carlo Maratta","male","","Rome","41.893055555556","12.482777777778"
11,"http://www.wikidata.org/entity/Q52207936","Judith with the Head of Holofernes","","1573","7","1555","1591","http://www.wikidata.org/entity/Q15223273","http://www.wikidata.org/entity/Q333515","National Trust","http://www.wikidata.org/entity/Q1357759","Lambert Sustris","male","http://www.wikidata.org/entity/Q29999","Hatchlands Park","51.2573","-0.472"
12,"http://www.wikidata.org/entity/Q107650490","Judith with the head of Holofernes","http://commons.wikimedia.org/wiki/Special:FilePath/Lorenzo%20Lippi%20-%20Judith%20tenant%20la%20t%C3%AAte%20d%27Holopherne%203.jpg","1700","7","1639","1642","http://www.wikidata.org/entity/Q3329619","http://www.wikidata.org/entity/Q3329619","Musée d'art et d'histoire de Narbonne","http://www.wikidata.org/entity/Q1249317","Lorenzo Lippi","male","http://www.wikidata.org/entity/Q154849","Musée d'art et d'histoire de Narbonne","43.1837","3.00382"
13,"http://www.wikidata.org/entity/Q29479966","Judith with the Head of Holophernes","http://commons.wikimedia.org/wiki/Special:FilePath/Ercole%20Graziani%20-%20Judith%20beheading%20Holofernes%20-%20164138%20-%20National%20Museum%20in%20Warsaw.jpg","1726","7","1725","1750","http://www.wikidata.org/entity/Q1191732","http://www.wikidata.org/entity/Q153306","National Museum in Warsaw","http://www.wikidata.org/entity/Q5385225","Ercole Graziani the Younger","male","","","",""
14,"http://www.wikidata.org/entity/Q29919256","Judith mit dem Haupt des Holofernes (zugeschrieben)","http://commons.wikimedia.org/wiki/Special:FilePath/Andrea%20Vicentino%20%28zugeschrieben%29%20-%20Judith%20mit%20dem%20Haupt%20des%20Holofernes%20-%203516%20-%20Bavarian%20State%20Painting%20Collections.jpg","1576","6","1539","1614","http://www.wikidata.org/entity/Q812285","http://www.wikidata.org/entity/Q812285","Bavarian State Painting Collections","http://www.wikidata.org/entity/Q3616106","Andrea Vicentino","male","http://www.wikidata.org/entity/Q4948","Bavarian State Painting Collections","48.149583","11.571776"
15,"http://www.wikidata.org/entity/Q29938834","Judith enthauptet Holofernes","http://commons.wikimedia.org/wiki/Special:FilePath/Guido%20Reni%20%28Kopie%20nach%29%20-%20Judith%20enthauptet%20Holofernes%20-%202389%20-%20Bavarian%20State%20Painting%20Collections.jpg","1608","6","1575","1642","http://www.wikidata.org/entity/Q154568","http://www.wikidata.org/entity/Q812285","Bavarian State Painting Collections","http://www.wikidata.org/entity/Q109061","Guido Reni","male","http://www.wikidata.org/entity/Q170174","Alte Pinakothek","48.148333","11.57"
16,"http://www.wikidata.org/entity/Q29938841","Judith with the Head of Holofernes","http://commons.wikimedia.org/wiki/Special:FilePath/Bartolomeo%20Manfredi%20-%20Judith%20mit%20dem%20Haupt%20des%20Holofernes%20-%202221%20-%20Bavarian%20State%20Painting%20Collections.jpg","1600","6","1580","1620","http://www.wikidata.org/entity/Q812285","http://www.wikidata.org/entity/Q812285","Bavarian State Painting Collections","http://www.wikidata.org/entity/Q721166","Bartolomeo Manfredi","male","","Bavarian State Painting Collections","48.149583","11.571776"
17,"http://www.wikidata.org/entity/Q30098509","Judith with the Head of Holofernes","http://commons.wikimedia.org/wiki/Special:FilePath/Lambert%20Sustris%20-%20Judith%20mit%20dem%20Haupt%20des%20Holofernes%20-%2010377%20-%20Bavarian%20State%20Painting%20Collections.jpg","1541","7","1515","1568","http://www.wikidata.org/entity/Q812285","http://www.wikidata.org/entity/Q812285","Bavarian State Painting Collections","http://www.wikidata.org/entity/Q1357759","Lambert Sustris","male","http://www.wikidata.org/entity/Q29999","Bavarian State Painting Collections","48.149583","11.571776"
18,"http://www.wikidata.org/entity/Q55237558","Judith with the Head of Holofernes and her Maid","http://commons.wikimedia.org/wiki/Special:FilePath/Wautier-holofernes.jpg","1650","9","","","http://www.wikidata.org/entity/Q5136294","http://www.wikidata.org/entity/Q5136294","Sint-Waldetrudiskerk","http://www.wikidata.org/entity/Q1930132","Michaelina Wautier","female","http://www.wikidata.org/entity/Q622783","Sint-Waldetrudiskerk","51.174517","4.835675"
19,"http://www.wikidata.org/entity/Q55853411","Judith with the Head of Holofernes","http://commons.wikimedia.org/wiki/Special:FilePath/Lucas%20Cranach%20d.%C3%84.%20-%20Judith%20mit%20dem%20Haupt%20des%20Holofernes%20%28Staatliche%20Museen%2C%20Kassel%29.jpg","1530","9","","","http://www.wikidata.org/entity/Q1501219","http://www.wikidata.org/entity/Q1501219","Gemäldegalerie Alte Meister","http://www.wikidata.org/.well-known/genid/c59e2f1c2312617433994623f9475714","","","","Gemäldegalerie Alte Meister","51.315","9.41611"
20,"http://www.wikidata.org/entity/Q57728663","Judith with the Head of Holofernes","http://commons.wikimedia.org/wiki/Special:FilePath/Peter%20Paul%20Rubens%20-%20Judith%20with%20the%20Head%20of%20Holofernes%20-%20WGA20269.jpg","1616","9","","","http://www.wikidata.org/entity/Q678082","http://www.wikidata.org/entity/Q678082","Herzog Anton Ulrich Museum","http://www.wikidata.org/entity/Q5599","Peter Paul Rubens","male","http://www.wikidata.org/entity/Q622783","Herzog Anton Ulrich Museum","52.2635","10.533"
21,"http://www.wikidata.org/entity/Q58331423","Judith Victorious","http://commons.wikimedia.org/wiki/Special:FilePath/Thirion%20Judith%20Victorieuse%20Tours.jpg","1873","9","","","http://www.wikidata.org/entity/Q2404549","http://www.wikidata.org/entity/Q2404549","Musée des Beaux-Arts de Tours","http://www.wikidata.org/entity/Q18289401","Eugène Romain Thirion","male","http://www.wikidata.org/entity/Q142","Musée des Beaux-Arts de Tours","47.3952","0.6949"
22,"http://www.wikidata.org/entity/Q64576803","Q64576803","http://commons.wikimedia.org/wiki/Special:FilePath/Emile%20Bernard%201893%20Judith%20et%20Holopherne.jpg","1893","9","","","http://www.wikidata.org/entity/Q3330192","http://www.wikidata.org/entity/Q3330192","Brest’s Museum of Fine Arts","http://www.wikidata.org/entity/Q264193","Émile Bernard","male","http://www.wikidata.org/entity/Q142","Brest’s Museum of Fine Arts","48.3852","-4.49002"
23,"http://www.wikidata.org/entity/Q65971920","Portrait of Judith with the Head of Holofernes","http://commons.wikimedia.org/wiki/Special:FilePath/Rubens72.jpg","1630","9","","","http://www.wikidata.org/entity/Q51252","http://www.wikidata.org/entity/Q51252","Uffizi","http://www.wikidata.org/entity/Q5599","Peter Paul Rubens","male","http://www.wikidata.org/entity/Q622783","Uffizi","43.768438888889","11.2559"
24,"http://www.wikidata.org/entity/Q77933949","Judith with the Head of Holofernes","http://commons.wikimedia.org/wiki/Special:FilePath/Werkst.%20Lucas%20Cranach%20d.%C3%84.%20-%20Judith%20mit%20dem%20Kopf%20von%20Holofernes%20%28National%20Gallery%20of%20Ireland%29.jpg","1550","9","","","http://www.wikidata.org/entity/Q2018379","http://www.wikidata.org/entity/Q2018379","National Gallery of Ireland","http://www.wikidata.org/entity/Q191748","Lucas Cranach the Elder","male","http://www.wikidata.org/entity/Q12548","National Gallery of Ireland","53.34091","-6.25255"
25,"http://www.wikidata.org/entity/Q99571360","Judith with the Head of Holofernes","http://commons.wikimedia.org/wiki/Special:FilePath/Cristofano%20Allori%20002.jpg","1612","9","","","http://www.wikidata.org/entity/Q29286","http://www.wikidata.org/entity/Q29286","Pitti Palace","http://www.wikidata.org/entity/Q352482","Cristofano Allori","male","http://www.wikidata.org/entity/Q154849","Pitti Palace","43.765","11.25"
26,"http://www.wikidata.org/entity/Q105203831","Judith with the Severed Head of Holofernes","http://commons.wikimedia.org/wiki/Special:FilePath/Judith%20with%20the%20Severed%20Head%20of%20Holofernes%2C%20signed%20Muhammad%20Zaman%2C%20Iran%2C%20Isfahan%2C%20c.%201680%20AD%2C%20opaque%20gold%20and%20watercolor%20on%20paper.jpg","1680","9","","","","http://www.wikidata.org/entity/Q66455355","Nasser D. Khalili Collection of Islamic Art","http://www.wikidata.org/entity/Q2743344","Mohammad Zaman","male","http://www.wikidata.org/entity/Q794","","",""
27,"http://www.wikidata.org/entity/Q107723883","Judith with the Head of Holofernes","","1510","9","","","http://www.wikidata.org/entity/Q1327919","http://www.wikidata.org/entity/Q1327919","The Wallace Collection","http://www.wikidata.org/entity/Q455712","Domenico di Pace Beccafumi","male","","The Wallace Collection","51.5175","-0.15305555555556"
28,"http://www.wikidata.org/entity/Q28829844","Judith with the Head of Holophernes","http://commons.wikimedia.org/wiki/Special:FilePath/Carlo%20Francesco%20Nuvolone%20-%20Judith%20with%20the%20head%20of%20Holofernes%20-%20M.Ob.972%20-%20National%20Museum%20in%20Warsaw.jpg","1601","7","","","http://www.wikidata.org/entity/Q1191732","http://www.wikidata.org/entity/Q153306","National Museum in Warsaw","http://www.wikidata.org/entity/Q951849","Carlo Francesco Nuvolone","male","","","",""
29,"http://www.wikidata.org/entity/Q29044280","Judith and her maidservant with the head of Holofernes","http://commons.wikimedia.org/wiki/Special:FilePath/Judith%20and%20her%20maidservant%20with%20the%20head%20of%20Holofernes%2C%20by%20Orazio%20Gentileschi.jpg","1608","9","","","http://www.wikidata.org/entity/Q1132918","http://www.wikidata.org/entity/Q1132918","National Museum of Art, Architecture and Design","http://www.wikidata.org/entity/Q367360","Orazio Gentileschi","male","","National Museum of Art, Architecture and Design","59.916136111111","10.737541666667"
30,"http://www.wikidata.org/entity/Q30056915","Judith mit dem Haupt des Holofernes","http://commons.wikimedia.org/wiki/Special:FilePath/Ludwig%20Stern%20-%20Judith%20mit%20dem%20Haupt%20des%20Holofernes%20-%202331%20-%20Bavarian%20State%20Painting%20Collections.jpg","1750","9","","","http://www.wikidata.org/entity/Q154568","http://www.wikidata.org/entity/Q812285","Bavarian State Painting Collections","http://www.wikidata.org/entity/Q18508488","Ludovico Stern","male","http://www.wikidata.org/entity/Q170174","Alte Pinakothek","48.148333","11.57"
31,"http://www.wikidata.org/entity/Q30937383","Judith with the head of Holofernes","http://commons.wikimedia.org/wiki/Special:FilePath/Judita%20s%20hlavou%20Holofernovou%20%28Mistr%20IW%2C%201525-1530%29%2C%20Kr%C3%A1lovsk%C3%A1%20kanonie%20premonstr%C3%A1t%C5%AF%20na%20Strahov%C4%9B.jpg","1525","9","","","http://www.wikidata.org/entity/Q969482","http://www.wikidata.org/entity/Q969482","Strahov Monastery","http://www.wikidata.org/entity/Q6785034","Master IW","male","","Strahov Monastery","50.085962903","14.389281672"
32,"http://www.wikidata.org/entity/Q49848375","Judith and Holofernes","http://commons.wikimedia.org/wiki/Special:FilePath/Pedro%20Am%C3%A9rico%20-%20Judith%20rende%20gra%C3%A7as%20a%20Jeov%C3%A1%202.JPG","1880","9","","","http://www.wikidata.org/entity/Q1954370","http://www.wikidata.org/entity/Q1954370","Museu Nacional de Belas Artes","http://www.wikidata.org/entity/Q540219","Pedro Américo","male","http://www.wikidata.org/entity/Q155","Museu Nacional de Belas Artes","-22.9087283","-43.175950974638"
33,"http://www.wikidata.org/entity/Q50323589","Judith","http://commons.wikimedia.org/wiki/Special:FilePath/Padovanino%20-%20Judith%2C%20Dresden.jpg","1640","8","","","http://www.wikidata.org/entity/Q4890","http://www.wikidata.org/entity/Q653002","Staatliche Kunstsammlungen Dresden","http://www.wikidata.org/entity/Q1727824","Alessandro Varotari","male","http://www.wikidata.org/entity/Q4948","Gemäldegalerie Alte Meister","51.05338","13.73466"
34,"http://www.wikidata.org/entity/Q50674008","Judith and Holofernes","http://commons.wikimedia.org/wiki/Special:FilePath/Franz%20Anton%20Maulbertsch%20-%20Judith%20and%20Holofernes%20-%20O%205693%20-%20Slovak%20National%20Gallery.jpg","1700","9","","","http://www.wikidata.org/entity/Q1744024","http://www.wikidata.org/entity/Q1744024","Slovak National Gallery","http://www.wikidata.org/entity/Q689388","Franz Anton Maulbertsch","male","http://www.wikidata.org/entity/Q183","Slovak National Gallery","48.14","17.108611111111"
35,"http://www.wikidata.org/entity/Q50752920","Judith","http://commons.wikimedia.org/wiki/Special:FilePath/Palma%20il%20Vecchio%20-%20Judith%20-%20WGA16936.jpg","1528","9","","","http://www.wikidata.org/entity/Q51252","http://www.wikidata.org/entity/Q51252","Uffizi","http://www.wikidata.org/entity/Q9342","Palma Vecchio","male","http://www.wikidata.org/entity/Q4948","Uffizi","43.768438888889","11.2559"
36,"http://www.wikidata.org/entity/Q50881922","Judith in the Tent of Holofernes","http://commons.wikimedia.org/wiki/Special:FilePath/Judith%20in%20the%20Tent%20of%20Holofernes%20by%20Johann%20Liss%20Budapest%20version.jpg","1624","9","","","http://www.wikidata.org/entity/Q840886","http://www.wikidata.org/entity/Q840886","Museum of Fine Arts, Budapest","http://www.wikidata.org/entity/Q700279","Johann Liss","male","http://www.wikidata.org/entity/Q183","Museum of Fine Arts, Budapest","47.51611","19.07639"
37,"http://www.wikidata.org/entity/Q28795884","Judith with the Head of Holophernes","http://commons.wikimedia.org/wiki/Special:FilePath/Vouet%20-%20Judith.JPG","1700","7","1600","1650","http://www.wikidata.org/entity/Q154568","http://www.wikidata.org/entity/Q812285","Bavarian State Painting Collections","http://www.wikidata.org/entity/Q317920","Simon Vouet","male","http://www.wikidata.org/entity/Q142","Alte Pinakothek","48.148333","11.57"
38,"http://www.wikidata.org/entity/Q28810765","Judith and Holofernes","http://commons.wikimedia.org/wiki/Special:FilePath/Veronese%20%28Paolo%20Caliari%29%20-%20Judith%20and%20Holofernes%20-%20Google%20Art%20Project.jpg","1580","9","","","http://www.wikidata.org/entity/Q3867551","http://www.wikidata.org/entity/Q3867551","Musei di Strada Nuova","http://www.wikidata.org/entity/Q9440","Paolo Veronese","male","http://www.wikidata.org/entity/Q4948","","",""
39,"http://www.wikidata.org/entity/Q20891049","Judith with the Head of Holofernes","http://commons.wikimedia.org/wiki/Special:FilePath/Pietro%20della%20Vecchia%20%28Pietro%20Muttoni%29%20-%20Judith%20with%20the%20Head%20of%20Holofernes%20-%2066.49%20-%20Minneapolis%20Institute%20of%20Arts.jpg","1700","7","1635","1650","http://www.wikidata.org/entity/Q1700481","http://www.wikidata.org/entity/Q1700481","Minneapolis Institute of Art","http://www.wikidata.org/entity/Q1529806","Pietro della Vecchia","male","http://www.wikidata.org/entity/Q4948","Minneapolis Institute of Art","44.95818","-93.27411"
40,"http://www.wikidata.org/entity/Q27981523","Judith with the head of Holofernes and a servant","http://commons.wikimedia.org/wiki/Special:FilePath/Lucas%20Cranach%20d.%20%C3%84.%20086.jpg","1530","8","1537","","http://www.wikidata.org/entity/Q95569","http://www.wikidata.org/entity/Q95569","Kunsthistorisches Museum","http://www.wikidata.org/entity/Q191748","Lucas Cranach the Elder","male","http://www.wikidata.org/entity/Q12548","Kunsthistorisches Museum","48.203611111111","16.361666666667"
41,"http://www.wikidata.org/entity/Q644887","Judith and Holofernes","http://commons.wikimedia.org/wiki/Special:FilePath/Judith%20y%20Holofernes%20%28Goya%29.jpg","1820","8","1820","1823","http://www.wikidata.org/entity/Q160112","http://www.wikidata.org/entity/Q160112","Museo del Prado","http://www.wikidata.org/entity/Q5432","Francisco de Goya","male","http://www.wikidata.org/entity/Q29","Museo del Prado","40.413888888889","-3.6922222222222"
42,"http://www.wikidata.org/entity/Q17334315","Judith with the Head of Holofernes","http://commons.wikimedia.org/wiki/Special:FilePath/Judith%20met%20het%20hoofd%20van%20Holofernes%20Rijksmuseum%20SK-A-3415.jpeg","1600","7","1500","1539","http://www.wikidata.org/entity/Q190804","http://www.wikidata.org/entity/Q190804","Rijksmuseum","http://www.wikidata.org/.well-known/genid/c16c21b0eac52f6766e7baf3d0307f22","","","","Rijksmuseum","52.36","4.885278"
43,"http://www.wikidata.org/entity/Q18749466","Judith with the Head of Holofernes","http://commons.wikimedia.org/wiki/Special:FilePath/Elisabetta%20Sirani%20-%20Judith%20with%20the%20Head%20of%20Holofernes%20-%20Walters%2037253.jpg","1650","7","1638","1665","http://www.wikidata.org/entity/Q210081","http://www.wikidata.org/entity/Q210081","Walters Art Museum","http://www.wikidata.org/entity/Q271475","Elisabetta Sirani","female","","Walters Art Museum","39.296666666667","-76.616111111111"
44,"http://www.wikidata.org/entity/Q20188059","Judith with the Head of Holofernes","","1712","6","1500","1925","http://www.wikidata.org/entity/Q160236","http://www.wikidata.org/entity/Q160236","Metropolitan Museum of Art","http://www.wikidata.org/.well-known/genid/04a6f7c47dea2626b5ce9f3c292b4ceb","","","","Metropolitan Museum of Art","40.7794","-73.9631"
45,"http://www.wikidata.org/entity/Q20477260","Judith with the Head of Holophernes","http://commons.wikimedia.org/wiki/Special:FilePath/Luca%20Giordano%20-%20Judith%20with%20the%20Head%20of%20Holophernes%20-%20KMS4550%20-%20Statens%20Museum%20for%20Kunst.jpg","1676","6","1647","1705","http://www.wikidata.org/entity/Q671384","http://www.wikidata.org/entity/Q671384","Statens Museum for Kunst","http://www.wikidata.org/entity/Q332494","Luca Giordano","male","http://www.wikidata.org/entity/Q173065","Statens Museum for Kunst","55.68889","12.57861"
46,"http://www.wikidata.org/entity/Q27980482","Judith shows the people the head of Holofernes","http://commons.wikimedia.org/wiki/Special:FilePath/Francesco%20Solimena%20-%20Judith%20with%20the%20Head%20of%20Holofernes%20-%20WGA21626.jpg","1800","7","1728","1733","http://www.wikidata.org/entity/Q95569","http://www.wikidata.org/entity/Q95569","Kunsthistorisches Museum","http://www.wikidata.org/entity/Q736065","Francesco Solimena","male","","Kunsthistorisches Museum","48.203611111111","16.361666666667"
47,"http://www.wikidata.org/entity/Q28041980","Judith and Holofernes","http://commons.wikimedia.org/wiki/Special:FilePath/Horace%20Vernet%20-%20Judith%20and%20Holofernes%20-%2079.3%20-%20Museum%20of%20Fine%20Arts.jpg","1900","7","1828","1832","http://www.wikidata.org/entity/Q1565911","http://www.wikidata.org/entity/Q1565911","Museum of Fine Arts, Houston","http://www.wikidata.org/entity/Q161145","Horace Vernet","male","http://www.wikidata.org/entity/Q142","Museum of Fine Arts, Houston","29.72556","-95.39056"
48,"http://www.wikidata.org/entity/Q3769174","Judith with the Head of Holofernes","http://commons.wikimedia.org/wiki/Special:FilePath/Mantegna%2C%20giuditta%20di%20dublino.jpg","1497","7","1495","1500","http://www.wikidata.org/entity/Q2018379","http://www.wikidata.org/entity/Q2018379","National Gallery of Ireland","http://www.wikidata.org/entity/Q5681","Andrea Mantegna","male","http://www.wikidata.org/entity/Q4948","National Gallery of Ireland","53.34091","-6.25255"
49,"http://www.wikidata.org/entity/Q12172896","Judith with the Head of Holofernes","http://commons.wikimedia.org/wiki/Special:FilePath/Stanzione%2C%20Massimo%20-%20Judith%20with%20the%20Head%20of%20Holofernes%20-%20c.%201630%E2%80%9335.jpg","1630","8","1630","1635","http://www.wikidata.org/entity/Q160236","http://www.wikidata.org/entity/Q160236","Metropolitan Museum of Art","http://www.wikidata.org/entity/Q982384","Massimo Stanzione","male","http://www.wikidata.org/entity/Q173065","Metropolitan Museum of Art","40.7794","-73.9631"
50,"http://www.wikidata.org/entity/Q17334272","Judith with the Head of Holofernes","http://commons.wikimedia.org/wiki/Special:FilePath/Sandro%20Botticelli%20-%20Judith%20met%20het%20hoofd%20van%20Holofernes%20-%20SK-A-3381%20-%20Rijksmuseum.jpg","1498","8","1497","1500","http://www.wikidata.org/entity/Q190804","http://www.wikidata.org/entity/Q190804","Rijksmuseum","http://www.wikidata.org/entity/Q5669","Sandro Botticelli","male","","Rijksmuseum","52.36","4.885278"
51,"http://www.wikidata.org/entity/Q20441065","Judith med Holofernes' hoved","http://commons.wikimedia.org/wiki/Special:FilePath/F.L.%20Storch%20-%20Judith%20med%20Holofernes%27%20hoved%20-%20KMS1476%20-%20Statens%20Museum%20for%20Kunst.jpg","1851","7","1820","1883","http://www.wikidata.org/entity/Q671384","http://www.wikidata.org/entity/Q671384","Statens Museum for Kunst","http://www.wikidata.org/entity/Q5499314","Frederik Storch","male","http://www.wikidata.org/entity/Q35","Statens Museum for Kunst","55.68889","12.57861"
52,"http://www.wikidata.org/entity/Q21623480","Judith","http://commons.wikimedia.org/wiki/Special:FilePath/Judit%2C%20Jan%20Massijs%2C%2016de%20eeuw%2C%20Koninklijk%20Museum%20voor%20Schone%20Kunsten%20Antwerpen%2C%205076.jpg","1600","7","","1575","http://www.wikidata.org/entity/Q1471477","http://www.wikidata.org/entity/Q2542010","Vlaamse Kunstcollectie (VKC)","http://www.wikidata.org/entity/Q431137","Jan Matsys","male","http://www.wikidata.org/entity/Q6581823","Royal Museum of Fine Arts Antwerp","51.20833","4.39472"
53,"http://www.wikidata.org/entity/Q21674459","Judith with the head of Holofernes","http://commons.wikimedia.org/wiki/Special:FilePath/Judit%20toont%20het%20hoofd%20van%20Holofernes%2C%20circa%201615%20-%20circa%201649%2C%20Groeningemuseum%2C%200040640000.jpg","1615","9","1615","1649","http://www.wikidata.org/entity/Q1948674","http://www.wikidata.org/entity/Q1948674","Groeningemuseum","http://www.wikidata.org/entity/Q938607","Carlo Saraceni","male","http://www.wikidata.org/entity/Q4948","Groeningemuseum","51.2052","3.2266"
54,"http://www.wikidata.org/entity/Q27698068","Judith and Holofernes","http://commons.wikimedia.org/wiki/Special:FilePath/Judit%20y%20Holofernes%2C%20por%20Tintoretto.jpg","1553","8","1552","1555","http://www.wikidata.org/entity/Q160112","http://www.wikidata.org/entity/Q160112","Museo del Prado","http://www.wikidata.org/entity/Q9319","Tintoretto","male","http://www.wikidata.org/entity/Q4948","Museo del Prado","40.413888888889","-3.6922222222222"
55,"http://www.wikidata.org/entity/Q1383307","Judith with two two female companions","http://commons.wikimedia.org/wiki/Special:FilePath/Cranach%20Judith%20SammlRau.JPG","1525","9","","","http://www.wikidata.org/entity/Q698582","http://www.wikidata.org/entity/Q20862230","Collection Rau for UNICEF","http://www.wikidata.org/entity/Q191748","Lucas Cranach the Elder","male","http://www.wikidata.org/entity/Q12548","Arp Museum Bahnhof Rolandseck","50.6314","7.20694"
56,"http://www.wikidata.org/entity/Q2041139","Judith II","http://commons.wikimedia.org/wiki/Special:FilePath/Gustav%20Klimt%20038.jpg","1909","9","","","http://www.wikidata.org/entity/Q3940563","http://www.wikidata.org/entity/Q3940563","Galleria Internazionale d'Arte Moderna","http://www.wikidata.org/entity/Q34661","Gustav Klimt","male","http://www.wikidata.org/entity/Q131964","Galleria Internazionale d'Arte Moderna","45.441111111111","12.331666666667"
57,"http://www.wikidata.org/entity/Q2247406","Judith Slaying Holofernes","http://commons.wikimedia.org/wiki/Special:FilePath/Artemisia%20Gentileschi%20-%20Judith%20Beheading%20Holofernes%20-%20WGA8563.jpg","1612","9","","","http://www.wikidata.org/entity/Q290549","http://www.wikidata.org/entity/Q290549","National Museum of Capodimonte","http://www.wikidata.org/entity/Q212657","Artemisia Gentileschi","female","","National Museum of Capodimonte","40.86699","14.250346"
58,"http://www.wikidata.org/entity/Q2267509","The Return of Judith to Bethulia","http://commons.wikimedia.org/wiki/Special:FilePath/Sandro%20Botticelli%20-%20Retour%20de%20Judith%201.JPG","1470","9","","","http://www.wikidata.org/entity/Q51252","http://www.wikidata.org/entity/Q51252","Uffizi","http://www.wikidata.org/entity/Q5669","Sandro Botticelli","male","","Uffizi","43.768438888889","11.2559"
59,"http://www.wikidata.org/entity/Q2324643","Judith and the Head of Holofernes","http://commons.wikimedia.org/wiki/Special:FilePath/Judith%201%20%28cropped%29.jpg","1901","9","","","http://www.wikidata.org/entity/Q303139","http://www.wikidata.org/entity/Q303139","Belvedere","http://www.wikidata.org/entity/Q34661","Gustav Klimt","male","http://www.wikidata.org/entity/Q131964","Belvedere","48.19139","16.38049"
60,"http://www.wikidata.org/entity/Q2470123","Judith Beheading Holofernes","http://commons.wikimedia.org/wiki/Special:FilePath/Judith%20Beheading%20Holofernes%20-%20Caravaggio.jpg","1599","9","","","http://www.wikidata.org/entity/Q1136614","http://www.wikidata.org/entity/Q2266081","Galleria Nazionale d'Arte Antica","http://www.wikidata.org/entity/Q42207","Caravaggio","male","http://www.wikidata.org/entity/Q153529","Palazzo Barberini","41.903611111111","12.490277777778"
61,"http://www.wikidata.org/entity/Q2479220","Judith at the Banquet of Holofernes","http://commons.wikimedia.org/wiki/Special:FilePath/Judith%20at%20the%20Banquet%20of%20Holofernes%20%28previously%20known%20as%20Artemisia%29%2C%20by%20Rembrandt%2C%20from%20Prado%20in%20Google%20Earth.jpg","1634","9","","","http://www.wikidata.org/entity/Q160112","http://www.wikidata.org/entity/Q160112","Museo del Prado","http://www.wikidata.org/entity/Q5598","Rembrandt","male","http://www.wikidata.org/entity/Q170072","Museo del Prado","40.413888888889","-3.6922222222222"
62,"http://www.wikidata.org/entity/Q2537695","Judith","http://commons.wikimedia.org/wiki/Special:FilePath/Judith%20Holofernes%20Giorgione.jpg","1504","9","","","http://www.wikidata.org/entity/Q132783","http://www.wikidata.org/entity/Q16540811","Collection Crozat","http://www.wikidata.org/entity/Q8459","Giorgione","male","http://www.wikidata.org/entity/Q4948","Hermitage Museum","59.940556","30.313611"
63,"http://www.wikidata.org/entity/Q3769156","Judith","http://commons.wikimedia.org/wiki/Special:FilePath/Mantegna%2C%20giuditta%20di%20montreal.jpg","1495","9","","","http://www.wikidata.org/entity/Q860812","http://www.wikidata.org/entity/Q860812","Montreal Museum of Fine Arts","http://www.wikidata.org/entity/Q5681","Andrea Mantegna","male","http://www.wikidata.org/entity/Q4948","Montreal Museum of Fine Arts","45.4987","-73.5801"
64,"http://www.wikidata.org/entity/Q3769169","Judith Beheading Holofernes","http://commons.wikimedia.org/wiki/Special:FilePath/Judit%20decapitando%20a%20Holofernes%2C%20por%20Artemisia%20Gentileschi.jpg","1620","9","","","http://www.wikidata.org/entity/Q51252","http://www.wikidata.org/entity/Q51252","Uffizi","http://www.wikidata.org/entity/Q212657","Artemisia Gentileschi","female","","Uffizi","43.768438888889","11.2559"
65,"http://www.wikidata.org/entity/Q3769171","Judith beheading Holofernes","http://commons.wikimedia.org/wiki/Special:FilePath/Ludovicus%20Finson%20%28Attr.%29%20-%20Judith%20and%20Holofernes.jpg","1700","7","","","http://www.wikidata.org/entity/Q3891121","http://www.wikidata.org/entity/Q3633835","Banco di Napoli","http://www.wikidata.org/entity/Q2701472","Louis Finson","male","http://www.wikidata.org/entity/Q6581823","Palazzo Zevallos Stigliano","40.83973","14.24861"
66,"http://www.wikidata.org/entity/Q3769173","Judith and Maidservant with Head of Holofernes","http://commons.wikimedia.org/wiki/Special:FilePath/Artemisia%20Gentileschi%20-%20Judith%20and%20Her%20Maidservant%20with%20the%20Head%20of%20Holofernes%20-%2052.253%20-%20Detroit%20Institute%20of%20Arts.jpg","1623","9","","","http://www.wikidata.org/entity/Q1201549","http://www.wikidata.org/entity/Q1201549","Detroit Institute of Arts","http://www.wikidata.org/entity/Q212657","Artemisia Gentileschi","female","","Detroit Institute of Arts","42.35942","-83.064576"
67,"http://www.wikidata.org/entity/Q3769181","Judith and Holofernes","http://commons.wikimedia.org/wiki/Special:FilePath/Judith%20and%20Holofernes%20%28Michelangelo%29.jpg","1508","9","","","http://www.wikidata.org/entity/Q2943","http://www.wikidata.org/entity/Q182955","Vatican Museums","http://www.wikidata.org/entity/Q5592","Michelangelo","male","http://www.wikidata.org/entity/Q148540","Sistine Chapel","41.903055555556","12.454444444444"
68,"http://www.wikidata.org/entity/Q3769182","Judith and Holofernes","http://commons.wikimedia.org/wiki/Special:FilePath/Andrea%20Mantegna%20099.jpg","1495","8","","","http://www.wikidata.org/entity/Q214867","http://www.wikidata.org/entity/Q214867","National Gallery of Art","http://www.wikidata.org/entity/Q5681","Andrea Mantegna","male","http://www.wikidata.org/entity/Q4948","National Gallery of Art","38.89147","-77.02001"
69,"http://www.wikidata.org/entity/Q3769183","Judith and Her Maidservant","http://commons.wikimedia.org/wiki/Special:FilePath/Corr%C3%A8ge-Judith-Mus%C3%A9e%20des%20Bx-Arts%20Strasbourg%20%282%29.jpg","1510","9","","","http://www.wikidata.org/entity/Q1535963","http://www.wikidata.org/entity/Q1535963","Musée des Beaux-Arts de Strasbourg","http://www.wikidata.org/entity/Q8457","Antonio da Correggio","male","http://www.wikidata.org/entity/Q3960415","Musée des Beaux-Arts de Strasbourg","48.581","7.7522"
70,"http://www.wikidata.org/entity/Q3998949","Triumph of Judith","http://commons.wikimedia.org/wiki/Special:FilePath/Luca%20Giordano%20-%20Triumph%20of%20Judith%20-%20WGA09026.jpg","1703","9","","","http://www.wikidata.org/entity/Q859732","http://www.wikidata.org/entity/Q859732","Certosa di San Martino","http://www.wikidata.org/entity/Q332494","Luca Giordano","male","http://www.wikidata.org/entity/Q173065","Certosa di San Martino","40.84341","14.241129"
71,"http://www.wikidata.org/entity/Q12172894","Judith and Holophernes","http://commons.wikimedia.org/wiki/Special:FilePath/Johann%20Liss%20-%20Judith%20and%20Holophernes%20-%20WGA13330.jpg","1628","9","","","http://www.wikidata.org/entity/Q95569","http://www.wikidata.org/entity/Q95569","Kunsthistorisches Museum","http://www.wikidata.org/.well-known/genid/ee71e9f3927036419cc5fef9d1deaa41","","","","Kunsthistorisches Museum","48.203611111111","16.361666666667"
72,"http://www.wikidata.org/entity/Q16596973","Portrait of a Woman as Judith","http://commons.wikimedia.org/wiki/Special:FilePath/Agostino%20carracci%20olimpia%20luna.jpg","1550","7","","","","http://www.wikidata.org/.well-known/genid/20b63c33b5e147ecf264ff6e2efce6c2","http://www.wikidata.org/.well-known/genid/20b63c33b5e147ecf264ff6e2efce6c2","http://www.wikidata.org/entity/Q316269","Agostino Carracci","male","http://www.wikidata.org/entity/Q170174","","",""
73,"http://www.wikidata.org/entity/Q17275489","Judith with the Head of Holofernes","http://commons.wikimedia.org/wiki/Special:FilePath/Philip%20van%20Dijk%20-%20Judith%20with%20the%20Head%20of%20Holofernes%20-%2027%20-%20Mauritshuis.jpg","1726","9","","","http://www.wikidata.org/entity/Q221092","http://www.wikidata.org/entity/Q221092","Mauritshuis","http://www.wikidata.org/entity/Q2086528","Philip van Dijk","male","http://www.wikidata.org/entity/Q55","Mauritshuis","52.080278","4.314167"
74,"http://www.wikidata.org/entity/Q17319619","Judith Holding the Head of Holofernes","http://commons.wikimedia.org/wiki/Special:FilePath/After%20Cristofano%20Allori%20001.jpg","1700","7","","","http://www.wikidata.org/entity/Q190804","http://www.wikidata.org/entity/Q18600731","Cultural Heritage Agency of the Netherlands Art Collection","http://www.wikidata.org/.well-known/genid/ac7fbc939d1bb95099618b100f81c7b5","","","","Rijksmuseum","52.36","4.885278"
75,"http://www.wikidata.org/entity/Q17328483","Judith en Holofernes","http://commons.wikimedia.org/wiki/Special:FilePath/Jan%20de%20Bray%20-%20Judith%20en%20Holofernes%20-%20SK-A-2353%20-%20Rijksmuseum.jpg","1659","9","","","http://www.wikidata.org/entity/Q190804","http://www.wikidata.org/entity/Q190804","Rijksmuseum","http://www.wikidata.org/entity/Q541789","Jan de Bray","male","http://www.wikidata.org/entity/Q170072","Rijksmuseum","52.36","4.885278"
76,"http://www.wikidata.org/entity/Q17582477","Q17582477","http://commons.wikimedia.org/wiki/Special:FilePath/Curradi%20Judith%20%282004%201%2048%29.jpg","1630","8","","","http://www.wikidata.org/entity/Q2711480","http://www.wikidata.org/entity/Q2711480","Musée des Augustins","http://www.wikidata.org/entity/Q478602","Francesco Curradi","male","http://www.wikidata.org/entity/Q154849","Musée des Augustins","43.601","1.446"
77,"http://www.wikidata.org/entity/Q17583741","Judith","http://commons.wikimedia.org/wiki/Special:FilePath/Valentin%20Judith%20%282004%201%2076%29.jpg","1625","8","","","","http://www.wikidata.org/entity/Q2711480","Musée des Augustins","http://www.wikidata.org/entity/Q1337275","Valentin de Boulogne","male","http://www.wikidata.org/entity/Q70972","","",""
78,"http://www.wikidata.org/entity/Q18592435","Judith","http://commons.wikimedia.org/wiki/Special:FilePath/Judith.jpg","1620","9","","","http://www.wikidata.org/entity/Q865736","http://www.wikidata.org/entity/Q865736","Birmingham Museum of Art","http://www.wikidata.org/entity/Q109061","Guido Reni","male","http://www.wikidata.org/entity/Q170174","Birmingham Museum of Art","33.52222","-86.810069"
79,"http://www.wikidata.org/entity/Q18602193","Judith with the Head of Holofernes","http://commons.wikimedia.org/wiki/Special:FilePath/Judith%20with%20the%20Head%20of%20Holofernes%20%28Bernardo%20Cavallino%29%20-%20Nationalmuseum%20-%2019074.tif","1650","8","","","http://www.wikidata.org/entity/Q842858","http://www.wikidata.org/entity/Q842858","Nationalmuseum","http://www.wikidata.org/entity/Q822982","Bernardo Cavallino","male","","Nationalmuseum","59.328611111111","18.077777777778"
80,"http://www.wikidata.org/entity/Q18749410","Judith Cutting Off the Head of Holofernes","http://commons.wikimedia.org/wiki/Special:FilePath/Trophime%20Bigot%20-%20Judith%20Cutting%20Off%20the%20Head%20of%20Holofernes%20-%20Walters%2037653.jpg","1640","9","","","http://www.wikidata.org/entity/Q210081","http://www.wikidata.org/entity/Q210081","Walters Art Museum","http://www.wikidata.org/entity/Q983634","Trophime Bigot","male","http://www.wikidata.org/entity/Q142","Walters Art Museum","39.296666666667","-76.616111111111"
81,"http://www.wikidata.org/entity/Q18749470","The Women of Bethulia Celebrating the Triumph of Judith over Holophernes","http://commons.wikimedia.org/wiki/Special:FilePath/French%20-%20The%20Women%20of%20Bethulia%20Celebrating%20the%20Triumph%20of%20Judith%20over%20Holophernes%20-%20Walters%2037574.jpg","1700","7","","","http://www.wikidata.org/entity/Q210081","http://www.wikidata.org/entity/Q210081","Walters Art Museum","http://www.wikidata.org/.well-known/genid/cb13ff78afd279e658e249a4cae78529","","","","Walters Art Museum","39.296666666667","-76.616111111111"
82,"http://www.wikidata.org/entity/Q19904811","Judith with the Head of Holofernes","http://commons.wikimedia.org/wiki/Special:FilePath/1530%20Cranach%20Judith%20mit%20dem%20Haupt%20des%20Holofernes%20anagoria.JPG","1530","9","","","http://www.wikidata.org/entity/Q160236","http://www.wikidata.org/entity/Q160236","Metropolitan Museum of Art","http://www.wikidata.org/entity/Q191748","Lucas Cranach the Elder","male","http://www.wikidata.org/entity/Q12548","Metropolitan Museum of Art","40.7794","-73.9631"
83,"http://www.wikidata.org/entity/Q19912353","Judith","http://commons.wikimedia.org/wiki/Special:FilePath/Judith%20MET%20DT2818.jpg","1886","9","","","http://www.wikidata.org/entity/Q160236","http://www.wikidata.org/entity/Q160236","Metropolitan Museum of Art","http://www.wikidata.org/entity/Q968357","Jean-Joseph Benjamin-Constant","male","http://www.wikidata.org/entity/Q142","Metropolitan Museum of Art","40.7794","-73.9631"
84,"http://www.wikidata.org/entity/Q19912741","Judith with the Head of Holofernes","http://commons.wikimedia.org/wiki/Special:FilePath/%27Judith%20with%20the%20head%20of%20Holofernes%27%20by%20David%20Teniers%20the%20younger%2C%201650.JPG","1650","8","","","http://www.wikidata.org/entity/Q160236","http://www.wikidata.org/entity/Q160236","Metropolitan Museum of Art","http://www.wikidata.org/entity/Q335022","David Teniers the Younger","male","http://www.wikidata.org/entity/Q1031430","Metropolitan Museum of Art","40.7794","-73.9631"
85,"http://www.wikidata.org/entity/Q19925957","Judith with the Head of Holofernes","http://commons.wikimedia.org/wiki/Special:FilePath/Gerrit%20Pietersz.%20-%20Judith%20met%20het%20hoofd%20van%20Holofernes%20-%20St%20160%20-%20Museum%20Boijmans%20Van%20Beuningen.jpg","1605","9","","","http://www.wikidata.org/entity/Q679527","http://www.wikidata.org/entity/Q679527","Museum Boijmans Van Beuningen","http://www.wikidata.org/entity/Q5552584","Gerrit Pietersz Sweelink","male","http://www.wikidata.org/entity/Q55","Museum Boijmans Van Beuningen","51.914183","4.47308"
86,"http://www.wikidata.org/entity/Q19947516","Judith","http://commons.wikimedia.org/wiki/Special:FilePath/Judith%20-%20Jules%20Ziegler%20%28A%202858%29.jpg","1847","9","","","http://www.wikidata.org/entity/Q511","http://www.wikidata.org/entity/Q511","Museum of Fine Arts of Lyon","http://www.wikidata.org/entity/Q3188333","Jules-Claude Ziegler","male","http://www.wikidata.org/entity/Q142","Museum of Fine Arts of Lyon","45.766944444444","4.8336111111111"
87,"http://www.wikidata.org/entity/Q20198819","Portrait of a Lady of the Saxon Court as Judith with the Head of Holofernes","http://commons.wikimedia.org/wiki/Special:FilePath/Hans%20Cranach%20-%20Portr%C3%A4t%20einer%20Dame%20am%20s%C3%A4chsischen%20Hof%20als%20Judith%20mit%20dem%20Haupt%20des%20Holofernes.jpg","1600","7","","","http://www.wikidata.org/entity/Q2468251","http://www.wikidata.org/entity/Q1416890","Fine Arts Museums of San Francisco","http://www.wikidata.org/.well-known/genid/d605f14cb71e4788f5223e40267cedd9","","","","Legion of Honor","37.783888888889","-122.50111111111"
88,"http://www.wikidata.org/entity/Q20268690","Judith with the Head of Holofernes","http://commons.wikimedia.org/wiki/Special:FilePath/Jan%20Sanders%20van%20Hemessen%20-%20Judith%20-%201956.1109%20-%20Art%20Institute%20of%20Chicago.jpg","1540","9","","","http://www.wikidata.org/entity/Q239303","http://www.wikidata.org/entity/Q239303","Art Institute of Chicago","http://www.wikidata.org/entity/Q427870","Jan Sanders van Hemessen","male","http://www.wikidata.org/entity/Q159856","Art Institute of Chicago","41.879444","-87.623889"
89,"http://www.wikidata.org/entity/Q20271630","Judith with the Head of Holofernes","http://commons.wikimedia.org/wiki/Special:FilePath/Felice%20Ficherelli%20-%20Judith%20with%20the%20Head%20of%20Holofernes%20-%201939.2240%20-%20Art%20Institute%20of%20Chicago.jpg","1665","9","","","http://www.wikidata.org/entity/Q239303","http://www.wikidata.org/entity/Q239303","Art Institute of Chicago","http://www.wikidata.org/entity/Q433360","Felice Ficherelli","male","","Art Institute of Chicago","41.879444","-87.623889"
90,"http://www.wikidata.org/entity/Q20539373","Study of Olympe Pelissier as Judith","http://commons.wikimedia.org/wiki/Special:FilePath/OlympeP%C3%A9lissierStudy.jpg","1830","9","","","http://www.wikidata.org/entity/Q49133","http://www.wikidata.org/entity/Q49133","Museum of Fine Arts","http://www.wikidata.org/entity/Q161145","Horace Vernet","male","http://www.wikidata.org/entity/Q142","Museum of Fine Arts","42.339166666667","-71.094166666667"
91,"http://www.wikidata.org/entity/Q20540336","Judith with the Head of Holofernes","http://commons.wikimedia.org/wiki/Special:FilePath/Jan%20Massijs%20-%20Judith%20with%20the%20Head%20of%20Holofernes%20SC234883.jpg","1543","9","","","http://www.wikidata.org/entity/Q49133","http://www.wikidata.org/entity/Q49133","Museum of Fine Arts","http://www.wikidata.org/entity/Q431137","Jan Matsys","male","http://www.wikidata.org/entity/Q6581823","Museum of Fine Arts","42.339166666667","-71.094166666667"
92,"http://www.wikidata.org/entity/Q20890910","Judith Presenting Herself to Holofernes","http://commons.wikimedia.org/wiki/Special:FilePath/Antonio%20Gionima%20-%20Judith%20Presenting%20Herself%20to%20Holofernes%20-%2062.45%20-%20Minneapolis%20Institute%20of%20Arts.jpg","1720","8","","","http://www.wikidata.org/entity/Q1700481","http://www.wikidata.org/entity/Q1700481","Minneapolis Institute of Art","http://www.wikidata.org/entity/Q974479","Antonio Gionima","male","http://www.wikidata.org/entity/Q4948","Minneapolis Institute of Art","44.95818","-93.27411"
93,"http://www.wikidata.org/entity/Q20891227","Judith with the Head of Holofernes","http://commons.wikimedia.org/wiki/Special:FilePath/Giovan%20Gioseffo%20dal%20Sole%20-%20Judith%20with%20the%20Head%20of%20Holofernes%20-%2077.24%20-%20Minneapolis%20Institute%20of%20Arts.jpg","1695","9","","","http://www.wikidata.org/entity/Q1700481","http://www.wikidata.org/entity/Q1700481","Minneapolis Institute of Art","http://www.wikidata.org/entity/Q961329","Giovanni Gioseffo dal Sole","male","http://www.wikidata.org/entity/Q170174","Minneapolis Institute of Art","44.95818","-93.27411"
94,"http://www.wikidata.org/entity/Q21451900","Judith","http://commons.wikimedia.org/wiki/Special:FilePath/Judith%20-%20August%20Riedel%201840.jpg","1840","9","","","http://www.wikidata.org/entity/Q170152","http://www.wikidata.org/entity/Q812285","Bavarian State Painting Collections","http://www.wikidata.org/entity/Q763585","August Riedel","male","http://www.wikidata.org/entity/Q154195","Neue Pinakothek","48.149722","11.571111"
95,"http://www.wikidata.org/entity/Q21673960","Judith","http://commons.wikimedia.org/wiki/Special:FilePath/Richter%20-%20Judith.jpg","1877","9","","","http://www.wikidata.org/entity/Q2365880","http://www.wikidata.org/entity/Q2365880","Museum of Fine Arts Ghent (MSK)","http://www.wikidata.org/entity/Q3048215","Edouard Frederic Wilhelm Richter","male","http://www.wikidata.org/entity/Q142","Museum of Fine Arts Ghent (MSK)","51.0383","3.7238"
96,"http://www.wikidata.org/entity/Q22916512","Judith with the head of Holofernes","http://commons.wikimedia.org/wiki/Special:FilePath/Smuglewicz%20Judith.jpg","1780","8","","","http://www.wikidata.org/entity/Q345276","http://www.wikidata.org/entity/Q153306","National Museum in Warsaw","http://www.wikidata.org/entity/Q594517","Franciszek Smuglewicz","male","http://www.wikidata.org/entity/Q172107","Łazienki Palace","52.21512","21.03582"
97,"http://www.wikidata.org/entity/Q22920647","Judith and Holofernes","http://commons.wikimedia.org/wiki/Special:FilePath/Valentin%20de%20Boulogne%2C%20Judith%20and%20Holofernes.jpg","1626","9","","","http://www.wikidata.org/entity/Q6974470","http://www.wikidata.org/entity/Q6974470","MUŻA","http://www.wikidata.org/entity/Q1337275","Valentin de Boulogne","male","http://www.wikidata.org/entity/Q70972","MUŻA","35.896389","14.511389"
98,"http://www.wikidata.org/entity/Q23073883","Judith and Holofernes","http://commons.wikimedia.org/wiki/Special:FilePath/Giorgio%20Vasari%20-%20Judith%20and%20Holofernes%20-%202-1982%20-%20Saint%20Louis%20Art%20Museum.jpg","1554","9","","","http://www.wikidata.org/entity/Q1760539","http://www.wikidata.org/entity/Q1760539","Saint Louis Art Museum","http://www.wikidata.org/entity/Q128027","Giorgio Vasari","male","","Saint Louis Art Museum","38.639444","-90.294444"
99,"http://www.wikidata.org/entity/Q23505754","Judith with the head of Holofernes","http://commons.wikimedia.org/wiki/Special:FilePath/Carlo%20Saraceni%20001.jpg","1617","8","1615","1620","http://www.wikidata.org/entity/Q95569","http://www.wikidata.org/entity/Q95569","Kunsthistorisches Museum","http://www.wikidata.org/entity/Q938607","Carlo Saraceni","male","http://www.wikidata.org/entity/Q4948","Kunsthistorisches Museum","48.203611111111","16.361666666667"
100,"http://www.wikidata.org/entity/Q23928485","Judith with the head of Holopherne","http://commons.wikimedia.org/wiki/Special:FilePath/After%20Allori%2C%20Cristofano%20-%20Judith%20-%20Google%20Art%20Project.jpg","1700","7","","","http://www.wikidata.org/entity/Q1241163","http://www.wikidata.org/entity/Q1241163","Dulwich Picture Gallery","http://www.wikidata.org/.well-known/genid/719d8ee8b71166dac0b877bff27dfad1","","","","Dulwich Picture Gallery","51.446111111111","-0.086388888888889"
101,"http://www.wikidata.org/entity/Q25442937","Judith with the Head of Holofernes","http://commons.wikimedia.org/wiki/Special:FilePath/Paolo%20Caliari%2C%20called%20Veronese%20-%20Judith%20with%20the%20Head%20of%20Holofernes%20-%20Google%20Art%20Project.jpg","1580","9","","","http://www.wikidata.org/entity/Q95569","http://www.wikidata.org/entity/Q95569","Kunsthistorisches Museum","http://www.wikidata.org/entity/Q9440","Paolo Veronese","male","http://www.wikidata.org/entity/Q4948","Kunsthistorisches Museum","48.203611111111","16.361666666667"
102,"http://www.wikidata.org/entity/Q26516340","Judith and the Infant Hercules","http://commons.wikimedia.org/wiki/Special:FilePath/Judyta%20i%20Herakles.jpg","1527","8","1525","1530","http://www.wikidata.org/entity/Q180788","http://www.wikidata.org/entity/Q180788","National Gallery","http://www.wikidata.org/entity/Q1918409","Master of the Mansi Magdalen","http://www.wikidata.org/.well-known/genid/d89a127bb84699421b9d069474c3fd6e","","National Gallery","51.508704","-0.128435"
103,"http://www.wikidata.org/entity/Q26517386","Judith","http://commons.wikimedia.org/wiki/Special:FilePath/Eglon%20van%20der%20Neer%20-%20Judith%20NG%20NG%20NG2535.jpg","1678","9","","","http://www.wikidata.org/entity/Q180788","http://www.wikidata.org/entity/Q180788","National Gallery","http://www.wikidata.org/entity/Q874770","Eglon van der Neer","male","http://www.wikidata.org/entity/Q55","National Gallery","51.508704","-0.128435"
104,"http://www.wikidata.org/entity/Q26772504","Judith with the head of Holofernes","http://commons.wikimedia.org/wiki/Special:FilePath/Alessandro%20Varotari%2C%20gen.%20Il%20Padovanino%20-%20Judith%20mit%20dem%20Haupt%20des%20Holofernes%20-%20GG%2080%20-%20Kunsthistorisches%20Museum.jpg","1630","8","","","http://www.wikidata.org/entity/Q95569","http://www.wikidata.org/entity/Q95569","Kunsthistorisches Museum","http://www.wikidata.org/entity/Q1727824","Alessandro Varotari","male","http://www.wikidata.org/entity/Q4948","Kunsthistorisches Museum","48.203611111111","16.361666666667"
105,"http://www.wikidata.org/entity/Q27698577","Judith and Holofernes","http://commons.wikimedia.org/wiki/Special:FilePath/Jacopo%20Robusti%20Tintoretto%20-%20Giuditta%20e%20Oloferne.jpg","1577","9","","","http://www.wikidata.org/entity/Q160112","http://www.wikidata.org/entity/Q160112","Museo del Prado","http://www.wikidata.org/entity/Q9319","Tintoretto","male","http://www.wikidata.org/entity/Q4948","Museo del Prado","40.413888888889","-3.6922222222222"
106,"http://www.wikidata.org/entity/Q27700979","Judith offering the Head of Holofernes","http://commons.wikimedia.org/wiki/Special:FilePath/Judit%20con%20la%20cabeza%20de%20Holofernes%20%28Salomon%20de%20Bray%29.jpg","1636","9","","","http://www.wikidata.org/entity/Q160112","http://www.wikidata.org/entity/Q160112","Museo del Prado","http://www.wikidata.org/entity/Q541736","Salomon de Bray","male","http://www.wikidata.org/entity/Q170072","Museo del Prado","40.413888888889","-3.6922222222222"
107,"http://www.wikidata.org/entity/Q27954769","Judith","http://commons.wikimedia.org/wiki/Special:FilePath/Judith%20-%20G%C3%A9rard%20Seghers.jpg","1650","7","1640","1650","http://www.wikidata.org/entity/Q1848918","http://www.wikidata.org/entity/Q1848918","Museo Nacional de Bellas Artes","http://www.wikidata.org/entity/Q951884","Gerard Seghers","male","http://www.wikidata.org/entity/Q6581823","Museo Nacional de Bellas Artes","-34.58405556","-58.39280556"
108,"http://www.wikidata.org/entity/Q28027812","Judith with the Head of Holofernes","http://commons.wikimedia.org/wiki/Special:FilePath/Cristofano%20Allori%20%281577-1621%29%20-%20Judith%20with%20the%20Head%20of%20Holofernes%20-%20RCIN%20404989%20-%20Royal%20Collection.jpg","1613","9","","","http://www.wikidata.org/entity/Q1434767","http://www.wikidata.org/entity/Q1459037","Royal Collection","http://www.wikidata.org/entity/Q352482","Cristofano Allori","male","http://www.wikidata.org/entity/Q154849","Queen's Gallery","51.4998","-0.142408"
109,"http://www.wikidata.org/entity/Q28100917","Judith with the head of Holofernes","http://commons.wikimedia.org/wiki/Special:FilePath/Vincenzo%20Catena%20-%20Judith%20-%20WGA04570.jpg","1525","9","","","http://www.wikidata.org/entity/Q7194793","http://www.wikidata.org/entity/Q7194793","Pinacoteca Querini Stampalia","http://www.wikidata.org/entity/Q1968947","Vincenzo Catena","male","http://www.wikidata.org/entity/Q4948","Pinacoteca Querini Stampalia","45.43642","12.34107"
110,"http://www.wikidata.org/entity/Q28777889","Judith with the Head of Holofernes","http://commons.wikimedia.org/wiki/Special:FilePath/Alexis%20Grimou%20%28circle%20of%29%20-%20Judith%20with%20the%20Head%20of%20Holofernes%20-%20Google%20Art%20Project.jpg","1800","7","","","http://www.wikidata.org/entity/Q277333","http://www.wikidata.org/entity/Q277333","Palace Museum in Wilanów","http://www.wikidata.org/entity/Q2834524","Alexis Grimou","male","http://www.wikidata.org/entity/Q142","Palace Museum in Wilanów","52.16516667","21.09030833"
0,"http://www.wikidata.org/entity/Q17495573","Salomé","http://commons.wikimedia.org/wiki/Special:FilePath/19%20Salome.JPG","","","","","http://www.wikidata.org/entity/Q3075877","http://www.wikidata.org/entity/Q23402","Musée d'Orsay","http://www.wikidata.org/entity/Q3187858","Juana Romani","female","http://www.wikidata.org/entity/Q172579","","",""
1,"http://www.wikidata.org/entity/Q20422087","The Feast of Herod. Salome Bringing the Head of St John the Baptist on a Charger","http://commons.wikimedia.org/wiki/Special:FilePath/Peter%20Paul%20Rubens%20-%20The%20Feast%20of%20Herod.%20Salome%20Bringing%20the%20Head%20of%20St%20John%20the%20Baptist%20on%20a%20Charger%20-%20KMSsp192%20-%20Statens%20Museum%20for%20Kunst.jpg","","","","","http://www.wikidata.org/entity/Q671384","http://www.wikidata.org/entity/Q671384","Statens Museum for Kunst","http://www.wikidata.org/entity/Q5599","Peter Paul Rubens","male","http://www.wikidata.org/entity/Q622783","Statens Museum for Kunst","55.68889","12.57861"
2,"http://www.wikidata.org/entity/Q88804762","Salome with the Head of John the Baptist","http://commons.wikimedia.org/wiki/Special:FilePath/Mathias%20stomer%2C%20salom%C3%A8%20con%20la%20testa%20del%20battista%2C%20genova.JPG","","","","","","http://www.wikidata.org/entity/Q3867551","Musei di Strada Nuova","http://www.wikidata.org/entity/Q949627","Matthias Stom","male","http://www.wikidata.org/entity/Q6581823","","",""
3,"http://www.wikidata.org/entity/Q108732966","Q108732966","","","","","","","http://www.wikidata.org/entity/Q10333407","Museum Baron Martin","http://www.wikidata.org/entity/Q3048215","Edouard Frederic Wilhelm Richter","male","http://www.wikidata.org/entity/Q142","","",""
4,"http://www.wikidata.org/entity/Q30005234","Salome with the head of Saint John the Baptist","http://commons.wikimedia.org/wiki/Special:FilePath/Salome%20by%20Lucas%20Cranach%20the%20Elder%20-%201st%20third%20of%2016th%20century%20-%20oil%20on%20oak.jpg","1515","8","1510","1515","http://www.wikidata.org/entity/Q212459","http://www.wikidata.org/entity/Q212459","National Museum of Ancient Art","http://www.wikidata.org/entity/Q191748","Lucas Cranach the Elder","male","http://www.wikidata.org/entity/Q12548","","",""
5,"http://www.wikidata.org/entity/Q52145994","Salome with the Head of John the Baptist (after Reni)","http://commons.wikimedia.org/wiki/Special:FilePath/Henrietta%20Georgiana%20Maria%20Lascelles%20Iremonger%20Chatterton%20%281806-1876%29%20-%20Salome%20with%20the%20Head%20of%20John%20the%20Baptist%20%28after%20Guido%20Reni%29%20-%20343524%20-%20National%20Trust.jpg","1851","7","1826","1876","http://www.wikidata.org/entity/Q4386885","http://www.wikidata.org/entity/Q333515","National Trust","http://www.wikidata.org/entity/Q5715941","Georgiana Chatterton","female","http://www.wikidata.org/entity/Q174193","","",""
6,"http://www.wikidata.org/entity/Q27980426","Salome with the head of John the Baptist","http://commons.wikimedia.org/wiki/Special:FilePath/Cesare%20da%20Sesto%2C%20%2C%20Kunsthistorisches%20Museum%20Wien%2C%20Gem%C3%A4ldegalerie%20-%20Salome%20mit%20dem%20Haupt%20Johannes%20d.%20T%C3%A4ufers%20-%20GG%20202%20-%20Kunsthistorisches%20Museum.jpg","1514","8","1512","1516","http://www.wikidata.org/entity/Q95569","http://www.wikidata.org/entity/Q95569","Kunsthistorisches Museum","http://www.wikidata.org/entity/Q1056977","Cesare da Sesto","male","","Kunsthistorisches Museum","48.203611111111","16.361666666667"
7,"http://www.wikidata.org/entity/Q28108359","Salome with the head of John the Baptist","http://commons.wikimedia.org/wiki/Special:FilePath/M.%20Merisi%20-%20Salome%20met%20het%20hoofd%20van%20Johannes%20de%20Doper%20-%20R5253%20-%20Cultural%20Heritage%20Agency%20of%20the%20Netherlands%20Art%20Collection.jpg","1624","7","1600","1649","http://www.wikidata.org/entity/Q28058409","http://www.wikidata.org/entity/Q18600731","Cultural Heritage Agency of the Netherlands Art Collection","http://www.wikidata.org/entity/Q982384","Massimo Stanzione","male","http://www.wikidata.org/entity/Q173065","","",""
8,"http://www.wikidata.org/entity/Q108422076","Salome","http://commons.wikimedia.org/wiki/Special:FilePath/%C4%8Ciko%C5%A1%20Sesija-Salome.jpg","1919","9","","","http://www.wikidata.org/entity/Q5519011","http://www.wikidata.org/entity/Q5519011","Gallery of Fine Arts","http://www.wikidata.org/entity/Q2350945","Bela Čikoš Sesija","male","http://www.wikidata.org/entity/Q28513","","",""
9,"http://www.wikidata.org/entity/Q109476265","Beheading of John the Baptist (Damaskinos)","http://commons.wikimedia.org/wiki/Special:FilePath/Michael%20Damaskinos%20The%20Beheading%20of%20St%20John%20the%20Baptist.png","1590","9","","","http://www.wikidata.org/entity/Q109472431","http://www.wikidata.org/entity/Q109472431","Municipal Gallery of Corfu","http://www.wikidata.org/entity/Q718276","Michael Damaskinos","male","","","",""
10,"http://www.wikidata.org/entity/Q108290151","Salomé's Dance","http://commons.wikimedia.org/wiki/Special:FilePath/Hallwylska%20museet%202012%2C%20tavelgalleriet%20by%20Holger%20Motzkau%2005.jpg","1730","9","","","http://www.wikidata.org/entity/Q4346239","http://www.wikidata.org/entity/Q4346239","Hallwyl Museum","http://www.wikidata.org/entity/Q978437","Gerard Hoet","male","http://www.wikidata.org/entity/Q55","","",""
11,"http://www.wikidata.org/entity/Q67220846","Salome Dancing Before King Herod","","1887","9","","","http://www.wikidata.org/entity/Q1372546","http://www.wikidata.org/entity/Q1372546","Joslyn Art Museum","http://www.wikidata.org/entity/Q346846","Georges Rochegrosse","male","http://www.wikidata.org/entity/Q142","","",""
12,"http://www.wikidata.org/entity/Q75419273","Salome","http://commons.wikimedia.org/wiki/Special:FilePath/Franz%20von%20Stuck%20010.jpg","1906","9","","","http://www.wikidata.org/entity/Q262234","http://www.wikidata.org/entity/Q262234","Lenbachhaus","http://www.wikidata.org/entity/Q45006","Franz Stuck","male","http://www.wikidata.org/entity/Q183","","",""
13,"http://www.wikidata.org/entity/Q78610935","Salome with the Head of John the Baptist","http://commons.wikimedia.org/wiki/Special:FilePath/Gustave%20Moreau%20-%20Salome%20with%20the%20Head%20of%20John%20the%20Baptist%20-%202018.289.6%20-%20Metropolitan%20Museum%20of%20Art.jpg","1876","9","","","http://www.wikidata.org/entity/Q160236","http://www.wikidata.org/entity/Q160236","Metropolitan Museum of Art","http://www.wikidata.org/entity/Q203828","Gustave Moreau","male","http://www.wikidata.org/entity/Q142","Metropolitan Museum of Art","40.7794","-73.9631"
14,"http://www.wikidata.org/entity/Q97499634","Salome with the Head of John the Baptist","http://commons.wikimedia.org/wiki/Special:FilePath/Titian%20after%20-%20Salome%20with%20the%20Head%20of%20John%20the%20Baptist%204CRTT%20N08059-573.jpg","1590","9","","","","http://www.wikidata.org/.well-known/genid/c3c2907eef6904d5fa54cadfca622f90","http://www.wikidata.org/.well-known/genid/c3c2907eef6904d5fa54cadfca622f90","http://www.wikidata.org/.well-known/genid/ff64ad50017daa29894fdccb258f96ea","","","","","",""
15,"http://www.wikidata.org/entity/Q98642559","Salome","","1906","9","","","","http://www.wikidata.org/.well-known/genid/36e1b9bc2b5d23823fa9413dfcd7fed7","http://www.wikidata.org/.well-known/genid/36e1b9bc2b5d23823fa9413dfcd7fed7","http://www.wikidata.org/entity/Q45006","Franz Stuck","male","http://www.wikidata.org/entity/Q183","","",""
16,"http://www.wikidata.org/entity/Q99437039","Salome with the Head of Saint John Baptist","http://commons.wikimedia.org/wiki/Special:FilePath/Jean-Daniel%20Heimlich%2C%20Salom%C3%A9%20avec%20la%20t%C3%AAte%20de%20saint%20Jean-Baptiste.jpg","1771","9","","","http://www.wikidata.org/entity/Q1535963","http://www.wikidata.org/entity/Q1535963","Musée des Beaux-Arts de Strasbourg","http://www.wikidata.org/entity/Q3165299","Jean-Daniel Heimlich","male","http://www.wikidata.org/entity/Q142","Musée des Beaux-Arts de Strasbourg","48.581","7.7522"
17,"http://www.wikidata.org/entity/Q106978991","Salomé with the Head of John the Baptist","http://commons.wikimedia.org/wiki/Special:FilePath/Simon%20Vouet--Salome--1626-1627--Crocker%20Art%20Museum--Sacramento.jpg","1627","9","","","http://www.wikidata.org/entity/Q3003161","http://www.wikidata.org/entity/Q3003161","Crocker Art Museum","http://www.wikidata.org/entity/Q317920","Simon Vouet","male","http://www.wikidata.org/entity/Q142","","",""
18,"http://www.wikidata.org/entity/Q61974475","Salome and the head of Saint John the Baptist","http://commons.wikimedia.org/wiki/Special:FilePath/Biscainhos%20-%20Saint%20John%20the%20Baptist.JPG","1700","7","","","http://www.wikidata.org/entity/Q4917216","http://www.wikidata.org/entity/Q4917216","Biscainhos Museum","http://www.wikidata.org/.well-known/genid/9f719556ea2a95b95f53b3389a42c690","","","","","",""
19,"http://www.wikidata.org/entity/Q62033178","St John with Salome, detail","http://commons.wikimedia.org/wiki/Special:FilePath/Jacek%20Malczewski%20-%20%C5%9Awi%C4%99ty%20Jan%20z%20Salome.jpg","1911","9","","","http://www.wikidata.org/entity/Q194533","http://www.wikidata.org/entity/Q194533","National Museum in Poznań","http://www.wikidata.org/entity/Q448189","Jacek Malczewski","male","http://www.wikidata.org/entity/Q36","","",""
20,"http://www.wikidata.org/entity/Q62033311","Q62033311","http://commons.wikimedia.org/wiki/Special:FilePath/Jacek%20Malczewski%20-%20Salome%201908.jpg","1908","9","","","","http://www.wikidata.org/.well-known/genid/15e76607ef9828a6f331264c4eccb51a","http://www.wikidata.org/.well-known/genid/15e76607ef9828a6f331264c4eccb51a","http://www.wikidata.org/entity/Q448189","Jacek Malczewski","male","http://www.wikidata.org/entity/Q36","","",""
21,"http://www.wikidata.org/entity/Q27955518","Salome with the Head of John the Baptist","http://commons.wikimedia.org/wiki/Special:FilePath/Bernardino%20Luini%2C%20%2C%20Kunsthistorisches%20Museum%20Wien%2C%20Gem%C3%A4ldegalerie%20-%20Salome%20mit%20dem%20Haupt%20Johannes%20d.%20T%C3%A4ufers%20-%20GG%20190%20-%20Kunsthistorisches%20Museum.jpg","1525","9","","","http://www.wikidata.org/entity/Q95569","http://www.wikidata.org/entity/Q95569","Kunsthistorisches Museum","http://www.wikidata.org/entity/Q8537","Bernardino Luini","male","","Kunsthistorisches Museum","48.203611111111","16.361666666667"
22,"http://www.wikidata.org/entity/Q27979223","Salome with the head of John the Baptist","http://commons.wikimedia.org/wiki/Special:FilePath/Bonifazio%20de%E2%80%99%20Pitati%2C%20gen.%20Bonifazio%20Veronese%20-%20Salome%20mit%20dem%20Haupt%20Johannes%20d.%20T%C3%A4ufers%20-%20GG%202600%20-%20Kunsthistorisches%20Museum.jpg","1530","9","","","http://www.wikidata.org/entity/Q95569","http://www.wikidata.org/entity/Q95569","Kunsthistorisches Museum","http://www.wikidata.org/entity/Q744747","Bonifazio Veronese","male","http://www.wikidata.org/entity/Q4948","Kunsthistorisches Museum","48.203611111111","16.361666666667"
23,"http://www.wikidata.org/entity/Q27980611","Salome with the Head of John the Baptist","http://commons.wikimedia.org/wiki/Special:FilePath/David%20Teniers%20d.%20J.%20-%20Salome%20mit%20dem%20Haupt%20Johannes%20des%20T%C3%A4ufers%20-%20GG%209709%20-%20Kunsthistorisches%20Museum.jpg","1650","8","","","http://www.wikidata.org/entity/Q95569","http://www.wikidata.org/entity/Q95569","Kunsthistorisches Museum","http://www.wikidata.org/entity/Q335022","David Teniers the Younger","male","http://www.wikidata.org/entity/Q1031430","Kunsthistorisches Museum","48.203611111111","16.361666666667"
24,"http://www.wikidata.org/entity/Q28168522","Salome with the Head of John the Baptist","http://commons.wikimedia.org/wiki/Special:FilePath/David%20Teniers%20the%20Younger%20-%20Salome%20with%20the%20Head%20of%20John%20the%20Baptist.jpg","1656","9","","","http://www.wikidata.org/entity/Q768717","http://www.wikidata.org/.well-known/genid/59444a61d89dd87330d52ea85bed35b9","http://www.wikidata.org/.well-known/genid/59444a61d89dd87330d52ea85bed35b9","http://www.wikidata.org/entity/Q335022","David Teniers the Younger","male","http://www.wikidata.org/entity/Q1031430","","",""
25,"http://www.wikidata.org/entity/Q28810823","Salome","http://commons.wikimedia.org/wiki/Special:FilePath/Vardges%20Surenyants%20Salome.jpg","1907","9","","","http://www.wikidata.org/entity/Q2087788","http://www.wikidata.org/entity/Q2087788","National Gallery of Armenia","http://www.wikidata.org/entity/Q4446492","Vardges Sureniants","male","http://www.wikidata.org/entity/Q230","","",""
26,"http://www.wikidata.org/entity/Q29023889","Salome with the Head of Saint John the Baptist","http://commons.wikimedia.org/wiki/Special:FilePath/Salome%20with%20the%20Head%20of%20Saint%20John%20the%20Baptist%20by%20Artemisia%20Gentileschi%20ca.%201610-1615.jpg","1615","9","","","http://www.wikidata.org/entity/Q840886","http://www.wikidata.org/entity/Q840886","Museum of Fine Arts, Budapest","http://www.wikidata.org/entity/Q212657","Artemisia Gentileschi","female","","Museum of Fine Arts, Budapest","47.51611","19.07639"
27,"http://www.wikidata.org/entity/Q30005237","Salome with the Head of St John the Baptist","http://commons.wikimedia.org/wiki/Special:FilePath/Salome1cranach.jpg","1526","9","1526","1530","http://www.wikidata.org/entity/Q840886","http://www.wikidata.org/entity/Q840886","Museum of Fine Arts, Budapest","http://www.wikidata.org/entity/Q191748","Lucas Cranach the Elder","male","http://www.wikidata.org/entity/Q12548","Museum of Fine Arts, Budapest","47.51611","19.07639"
28,"http://www.wikidata.org/entity/Q55872790","Salomé with the Head of St. John before Herod","http://commons.wikimedia.org/wiki/Special:FilePath/Banchetto%20di%20Erode%20-%20M.%20Preti%20%28Kassel%29.png","1658","9","","","http://www.wikidata.org/entity/Q1501219","http://www.wikidata.org/entity/Q1954840","Museumslandschaft Hessen Kassel","http://www.wikidata.org/entity/Q468632","Mattia Preti","male","","Gemäldegalerie Alte Meister","51.315","9.41611"
29,"http://www.wikidata.org/entity/Q59782440","Herod’s Feast (sketch)","http://commons.wikimedia.org/wiki/Special:FilePath/El%20fest%C3%ADn%20de%20Herodes%2C%20de%20Juan%20Carre%C3%B1o%20de%20Miranda%20%28boceto%29.jpg","1700","7","","","http://www.wikidata.org/entity/Q876383","http://www.wikidata.org/entity/Q160112","Museo del Prado","http://www.wikidata.org/entity/Q833224","Juan Carreño de Miranda","male","http://www.wikidata.org/entity/Q29","","",""
30,"http://www.wikidata.org/entity/Q60472936","Salome with the Head of Saint John the Baptist","http://commons.wikimedia.org/wiki/Special:FilePath/Clevelandart%201975.79.jpg","1700","7","","","http://www.wikidata.org/entity/Q657415","http://www.wikidata.org/entity/Q657415","Cleveland Museum of Art","http://www.wikidata.org/entity/Q1284751","Jacob Duck","male","http://www.wikidata.org/entity/Q55","","",""
31,"http://www.wikidata.org/entity/Q17323096","Salome dancing for Herod","http://commons.wikimedia.org/wiki/Special:FilePath/Salome%20danst%20voor%20Herodes%20Rijksmuseum%20SK-A-804.jpeg","1650","7","1634","1672","http://www.wikidata.org/entity/Q190804","http://www.wikidata.org/entity/Q190804","Rijksmuseum","http://www.wikidata.org/entity/Q18603471","Hans Horions","male","","Rijksmuseum","52.36","4.885278"
32,"http://www.wikidata.org/entity/Q20188161","Salomé Dancing Before the Head of St. John the Baptist","http://commons.wikimedia.org/wiki/Special:FilePath/Salom%C3%A9%20Dancing%20Before%20the%20Head%20of%20St.%20John%20the%20Baptist%20MET%20sf-rlc-1975-1-673.jpeg","1872","7","1846","1898","http://www.wikidata.org/entity/Q160236","http://www.wikidata.org/entity/Q160236","Metropolitan Museum of Art","http://www.wikidata.org/.well-known/genid/4282963b99fb02c07d1f0ac5134ca59a","","","","Metropolitan Museum of Art","40.7794","-73.9631"
33,"http://www.wikidata.org/entity/Q17339380","Salome with the head of St John the Baptist","http://commons.wikimedia.org/wiki/Special:FilePath/Salome%20met%20het%20hoofd%20van%20Johannes%20de%20Doper%20Rijksmuseum%20SK-A-4260.jpeg","1575","6","1550","1600","http://www.wikidata.org/entity/Q190804","http://www.wikidata.org/entity/Q190804","Rijksmuseum","http://www.wikidata.org/entity/Q320980","Lucas van Leyden","male","http://www.wikidata.org/entity/Q27996474","Rijksmuseum","52.36","4.885278"
34,"http://www.wikidata.org/entity/Q18565890","Salome with the Head of St. John the Baptist","http://commons.wikimedia.org/wiki/Special:FilePath/Bernardino%20luini%2C%20salom%C3%A8%20con%20la%20testa%20del%20battista%2C%201510-20%20ca..JPG","1525","7","1500","1550","http://www.wikidata.org/entity/Q12269950","http://www.wikidata.org/entity/Q3044768","Department of Paintings of the Louvre","http://www.wikidata.org/entity/Q8537","Bernardino Luini","male","","","",""
35,"http://www.wikidata.org/entity/Q27690180","Saint John the Baptist and Saint Catherine Altar Piece","http://commons.wikimedia.org/wiki/Special:FilePath/Retablo%20de%20San%20Juan%20Bautista%20y%20Santa%20Catalina%20%28Museo%20del%20Prado%29.jpg","1410","7","1410","1450","http://www.wikidata.org/entity/Q160112","http://www.wikidata.org/entity/Q160112","Museo del Prado","http://www.wikidata.org/entity/Q17305270","Juan de Sevilla","male","","Museo del Prado","40.413888888889","-3.6922222222222"
36,"http://www.wikidata.org/entity/Q20167006","Salome with the Head of Saint John the Baptist","http://commons.wikimedia.org/wiki/Special:FilePath/Andrea%20Solario%20-%20Salome%20with%20the%20Head%20of%20St%20John%20the%20Baptist%20-%20WGA21610.jpg","1506","8","1506","1507","http://www.wikidata.org/entity/Q160236","http://www.wikidata.org/entity/Q160236","Metropolitan Museum of Art","http://www.wikidata.org/entity/Q495110","Andrea Solari","male","http://www.wikidata.org/entity/Q153529","Metropolitan Museum of Art","40.7794","-73.9631"
37,"http://www.wikidata.org/entity/Q20268270","Salome with the Head of Saint John the Baptist","http://commons.wikimedia.org/wiki/Special:FilePath/Guido%20Reni%20-%20Salome%20with%20the%20Head%20of%20Saint%20John%20the%20Baptist%20-%201960.3%20-%20Art%20Institute%20of%20Chicago.jpg","1639","7","1639","1640","http://www.wikidata.org/entity/Q239303","http://www.wikidata.org/entity/Q239303","Art Institute of Chicago","http://www.wikidata.org/entity/Q109061","Guido Reni","male","http://www.wikidata.org/entity/Q170174","Art Institute of Chicago","41.879444","-87.623889"
38,"http://www.wikidata.org/entity/Q615851","Nativity","http://commons.wikimedia.org/wiki/Special:FilePath/Robert%20Campin%20003.jpg","1420","9","","","http://www.wikidata.org/entity/Q1955739","http://www.wikidata.org/entity/Q1955739","Musée des Beaux-Arts de Dijon","http://www.wikidata.org/entity/Q80442","Robert Campin","male","http://www.wikidata.org/entity/Q6581823","","",""
39,"http://www.wikidata.org/entity/Q2214864","Salome with the head of John the Baptist","http://commons.wikimedia.org/wiki/Special:FilePath/Veneto%200020.jpg","1600","7","","","http://www.wikidata.org/entity/Q4890","http://www.wikidata.org/entity/Q653002","Staatliche Kunstsammlungen Dresden","http://www.wikidata.org/entity/Q809520","Bartolomeo Veneto","male","","Gemäldegalerie Alte Meister","51.05338","13.73466"
40,"http://www.wikidata.org/entity/Q2318325","Salome with the Head of John the Baptist","http://commons.wikimedia.org/wiki/Special:FilePath/Salome%20with%20the%20Head%20of%20John%20the%20Baptist-Caravaggio%20%281610%29.jpg","1607","9","","","http://www.wikidata.org/entity/Q180788","http://www.wikidata.org/entity/Q180788","National Gallery","http://www.wikidata.org/entity/Q42207","Caravaggio","male","http://www.wikidata.org/entity/Q153529","National Gallery","51.508704","-0.128435"
41,"http://www.wikidata.org/entity/Q2318957","Salome with the Head of John the Baptist","http://commons.wikimedia.org/wiki/Special:FilePath/CaravaggioSalomeMadrid.jpg","1609","9","","","http://www.wikidata.org/entity/Q171517","http://www.wikidata.org/entity/Q171517","Royal Palace of Madrid","http://www.wikidata.org/entity/Q42207","Caravaggio","male","http://www.wikidata.org/entity/Q153529","","",""
42,"http://www.wikidata.org/entity/Q3470080","Salome receiving the head of John the Baptist","http://commons.wikimedia.org/wiki/Special:FilePath/Guercino%20Salom%C3%A8.jpg","1637","9","","","http://www.wikidata.org/entity/Q3098373","http://www.wikidata.org/entity/Q3098373","Museum of Fine Arts of Rennes","http://www.wikidata.org/entity/Q334262","Guercino","male","http://www.wikidata.org/entity/Q170174","","",""
43,"http://www.wikidata.org/entity/Q3495790","Salome","http://commons.wikimedia.org/wiki/Special:FilePath/Tiziano%20salome.jpg","1515","8","","","http://www.wikidata.org/entity/Q1203458","http://www.wikidata.org/entity/Q1203458","Doria Pamphilj Gallery","http://www.wikidata.org/entity/Q47551","Titian","male","http://www.wikidata.org/entity/Q4948","","",""
44,"http://www.wikidata.org/entity/Q3945708","Salome with the head of John the Baptist","http://commons.wikimedia.org/wiki/Special:FilePath/Alonso%20Gonz%C3%A1lez%20de%20Berruguete%20001.jpg","1512","9","","","http://www.wikidata.org/entity/Q51252","http://www.wikidata.org/entity/Q51252","Uffizi","http://www.wikidata.org/entity/Q114357","Alonso Berruguete","male","http://www.wikidata.org/entity/Q29","Uffizi","43.768438888889","11.2559"
45,"http://www.wikidata.org/entity/Q3945710","Salome with the head of John the Baptist","http://commons.wikimedia.org/wiki/Special:FilePath/Bernardino%20Luini%20Herodias.jpg","1527","9","","","http://www.wikidata.org/entity/Q51252","http://www.wikidata.org/entity/Q51252","Uffizi","http://www.wikidata.org/entity/Q8537","Bernardino Luini","male","","Uffizi","43.768438888889","11.2559"
46,"http://www.wikidata.org/entity/Q3945711","Salome","http://commons.wikimedia.org/wiki/Special:FilePath/Moretto%20da%20Brescia%20-%20Portrait%20of%20Tullia%20d%27Aragona%20as%20Salome%20-%20WGA16230.jpg","1540","9","","","http://www.wikidata.org/entity/Q3388589","http://www.wikidata.org/entity/Q3388589","Tosio Martinengo Gallery","http://www.wikidata.org/entity/Q954504","Moretto da Brescia","male","http://www.wikidata.org/entity/Q4948","","",""
47,"http://www.wikidata.org/entity/Q17341636","Salome with the Head of John the Baptist","http://commons.wikimedia.org/wiki/Special:FilePath/Jan%20Adam%20Kruseman%20-%20Salom%C3%A9%20met%20het%20hoofd%20van%20Johannes%20de%20Doper%20001.JPG","1861","9","","","http://www.wikidata.org/entity/Q190804","http://www.wikidata.org/entity/Q190804","Rijksmuseum","http://www.wikidata.org/entity/Q576824","Jan Adam Kruseman","male","http://www.wikidata.org/entity/Q55","Rijksmuseum","52.36","4.885278"
48,"http://www.wikidata.org/entity/Q17343062","Salome with the Head of John the Baptist","http://commons.wikimedia.org/wiki/Special:FilePath/Salome%20met%20het%20hoofd%20van%20Johannes%20de%20Doper%20Rijksmuseum%20SK-C-1349.jpeg","1524","9","","","http://www.wikidata.org/entity/Q2805178","http://www.wikidata.org/entity/Q3044768","Department of Paintings of the Louvre","http://www.wikidata.org/entity/Q1029143","Jacob Cornelisz van Oostsanen","male","http://www.wikidata.org/entity/Q1031430","","",""
49,"http://www.wikidata.org/entity/Q17505564","Salome","http://commons.wikimedia.org/wiki/Special:FilePath/Regnault%2C%20Henri%2C%20Salom%C3%A9.jpg","1870","9","","","http://www.wikidata.org/entity/Q160236","http://www.wikidata.org/entity/Q67429134","European Paintings","http://www.wikidata.org/entity/Q553571","Henri Regnault","male","http://www.wikidata.org/entity/Q142","Metropolitan Museum of Art","40.7794","-73.9631"
50,"http://www.wikidata.org/entity/Q17627560","Salomé","http://commons.wikimedia.org/wiki/Special:FilePath/Salome%20Jean%20Benner%20c1899.jpg","1907","8","","","http://www.wikidata.org/entity/Q1783956","http://www.wikidata.org/entity/Q1783956","Nantes Museum of Arts","http://www.wikidata.org/entity/Q866077","Jean Benner","male","http://www.wikidata.org/entity/Q142","","",""
51,"http://www.wikidata.org/entity/Q18397539","The Daughter of Herodias","http://commons.wikimedia.org/wiki/Special:FilePath/Sebastiano%20del%20Piombo%20-%20The%20Daughter%20of%20Herodias%20-%20Google%20Art%20Project.jpg","1510","9","","","http://www.wikidata.org/entity/Q180788","http://www.wikidata.org/entity/Q180788","National Gallery","http://www.wikidata.org/entity/Q285423","Sebastiano del Piombo","male","http://www.wikidata.org/entity/Q4948","National Gallery","51.508704","-0.128435"
52,"http://www.wikidata.org/entity/Q18523007","Salome with the Head of John the Baptist","http://commons.wikimedia.org/wiki/Special:FilePath/Godfried%20Schalcken%20Salome%20with%20the%20Head%20of%20John%20the%20Baptist.jpg","1700","8","","","http://www.wikidata.org/entity/Q860812","http://www.wikidata.org/entity/Q860812","Montreal Museum of Fine Arts","http://www.wikidata.org/entity/Q874868","Godfried Schalcken","male","http://www.wikidata.org/entity/Q55","Montreal Museum of Fine Arts","45.4987","-73.5801"
53,"http://www.wikidata.org/entity/Q18572515","Beheading of St. John the Baptist and Herod's Banquet","http://commons.wikimedia.org/wiki/Special:FilePath/Louvre-Lens%20-%20Renaissance%20-%20002%20-%20RF%20196.JPG","1430","8","","","http://www.wikidata.org/entity/Q3945716","http://www.wikidata.org/entity/Q3044768","Department of Paintings of the Louvre","http://www.wikidata.org/entity/Q5664","Fra Angelico","male","","","",""
54,"http://www.wikidata.org/entity/Q18573515","Salome Receiving the Head of St. John the Baptist","http://commons.wikimedia.org/wiki/Special:FilePath/Salom%C3%A9%20recevant%20la%20t%C3%AAte%20de%20saint%20Jean-Baptiste%20-%20Giuseppe%20Caletti%20-%20Q18573515.jpg","1601","7","","","http://www.wikidata.org/entity/Q15868085","http://www.wikidata.org/entity/Q3044768","Department of Paintings of the Louvre","http://www.wikidata.org/entity/Q3108002","Giuseppe Caletti","male","","","",""
55,"http://www.wikidata.org/entity/Q18683415","Salome","http://commons.wikimedia.org/wiki/Special:FilePath/Bernardo%20Strozzi%20-%20Salome%20-%20Google%20Art%20Project.jpg","1600","7","","","http://www.wikidata.org/entity/Q165631","http://www.wikidata.org/entity/Q165631","Gemäldegalerie","http://www.wikidata.org/entity/Q437724","Bernardo Strozzi","male","http://www.wikidata.org/entity/Q174306","","",""
56,"http://www.wikidata.org/entity/Q19368762","Beheading of John the Baptist","","1872","8","","","http://www.wikidata.org/entity/Q2296362","http://www.wikidata.org/entity/Q2296362","Musée Gustave-Moreau","http://www.wikidata.org/entity/Q203828","Gustave Moreau","male","http://www.wikidata.org/entity/Q142","","",""
57,"http://www.wikidata.org/entity/Q19368766","Beheading of John the Baptist","","1872","8","","","http://www.wikidata.org/entity/Q2296362","http://www.wikidata.org/entity/Q2296362","Musée Gustave-Moreau","http://www.wikidata.org/entity/Q203828","Gustave Moreau","male","http://www.wikidata.org/entity/Q142","","",""
58,"http://www.wikidata.org/entity/Q19368894","Study for Salome","","1874","8","","","http://www.wikidata.org/entity/Q2296362","http://www.wikidata.org/entity/Q2296362","Musée Gustave-Moreau","http://www.wikidata.org/entity/Q203828","Gustave Moreau","male","http://www.wikidata.org/entity/Q142","","",""
59,"http://www.wikidata.org/entity/Q19387870","The Apparition","http://commons.wikimedia.org/wiki/Special:FilePath/Gustave%20Moreau%20A%20apari%C3%A7%C3%A3o.jpg","1876","7","","","http://www.wikidata.org/entity/Q2296362","http://www.wikidata.org/entity/Q2296362","Musée Gustave-Moreau","http://www.wikidata.org/entity/Q203828","Gustave Moreau","male","http://www.wikidata.org/entity/Q142","","",""
60,"http://www.wikidata.org/entity/Q19391471","Salome","","1850","7","","","http://www.wikidata.org/entity/Q2296362","http://www.wikidata.org/entity/Q2296362","Musée Gustave-Moreau","http://www.wikidata.org/entity/Q203828","Gustave Moreau","male","http://www.wikidata.org/entity/Q142","","",""
61,"http://www.wikidata.org/entity/Q19391508","Salome","","1872","8","","","http://www.wikidata.org/entity/Q2296362","http://www.wikidata.org/entity/Q2296362","Musée Gustave-Moreau","http://www.wikidata.org/entity/Q203828","Gustave Moreau","male","http://www.wikidata.org/entity/Q142","","",""
62,"http://www.wikidata.org/entity/Q19391548","Salome","","1872","7","","","http://www.wikidata.org/entity/Q2296362","http://www.wikidata.org/entity/Q2296362","Musée Gustave-Moreau","http://www.wikidata.org/entity/Q203828","Gustave Moreau","male","http://www.wikidata.org/entity/Q142","","",""
63,"http://www.wikidata.org/entity/Q19391586","Salome","","1872","7","","","http://www.wikidata.org/entity/Q2296362","http://www.wikidata.org/entity/Q2296362","Musée Gustave-Moreau","http://www.wikidata.org/entity/Q203828","Gustave Moreau","male","http://www.wikidata.org/entity/Q142","","",""
64,"http://www.wikidata.org/entity/Q19391617","Salome","","1872","7","","","http://www.wikidata.org/entity/Q2296362","http://www.wikidata.org/entity/Q2296362","Musée Gustave-Moreau","http://www.wikidata.org/entity/Q203828","Gustave Moreau","male","http://www.wikidata.org/entity/Q142","","",""
65,"http://www.wikidata.org/entity/Q19391665","Salome Dancing","","1872","7","","","http://www.wikidata.org/entity/Q2296362","http://www.wikidata.org/entity/Q2296362","Musée Gustave-Moreau","http://www.wikidata.org/entity/Q203828","Gustave Moreau","male","http://www.wikidata.org/entity/Q142","","",""
66,"http://www.wikidata.org/entity/Q19391724","Salome Dancing in front of Herod","","1876","8","","","http://www.wikidata.org/entity/Q2296362","http://www.wikidata.org/entity/Q2296362","Musée Gustave-Moreau","http://www.wikidata.org/entity/Q203828","Gustave Moreau","male","http://www.wikidata.org/entity/Q142","","",""
67,"http://www.wikidata.org/entity/Q19391781","Salome","http://commons.wikimedia.org/wiki/Special:FilePath/Gustave%20Moreau%E2%80%99s%20Salome7.jpg","1874","8","","","http://www.wikidata.org/entity/Q2296362","http://www.wikidata.org/entity/Q2296362","Musée Gustave-Moreau","http://www.wikidata.org/entity/Q203828","Gustave Moreau","male","http://www.wikidata.org/entity/Q142","","",""
68,"http://www.wikidata.org/entity/Q19858294","The Daughter of Herodias Dancing","http://commons.wikimedia.org/wiki/Special:FilePath/Brooklyn%20Museum%20-%20The%20Daughter%20of%20Herodias%20Dancing%20%28H%C3%A9rodiade%20dansant%29%20-%20James%20Tissot%20-%20overall.jpg","1890","8","","","http://www.wikidata.org/entity/Q632682","http://www.wikidata.org/entity/Q632682","Brooklyn Museum","http://www.wikidata.org/entity/Q381248","James Tissot","male","http://www.wikidata.org/entity/Q142","","",""
69,"http://www.wikidata.org/entity/Q19897750","Head of Saint John the Baptist Presented to Salome","http://commons.wikimedia.org/wiki/Special:FilePath/Fran%C3%A7ois%20de%20Nom%C3%A9%20-%20Head%20of%20Saint%20John%20the%20Baptist%20Presented%20to%20Salome%20-%20Walters%2037329.jpg","1620","8","","","http://www.wikidata.org/entity/Q210081","http://www.wikidata.org/entity/Q210081","Walters Art Museum","http://www.wikidata.org/entity/Q1887392","François de Nomé","male","http://www.wikidata.org/entity/Q142","Walters Art Museum","39.296666666667","-76.616111111111"
70,"http://www.wikidata.org/entity/Q19906256","Salome Dancing before Herod","http://commons.wikimedia.org/wiki/Special:FilePath/Salome%20Dancing%20before%20Herod%20MET%20DP300709.jpg","1500","7","","","http://www.wikidata.org/entity/Q160236","http://www.wikidata.org/.well-known/genid/bb44bbca47c5d76373a2eb093ae9d3d3","http://www.wikidata.org/.well-known/genid/bb44bbca47c5d76373a2eb093ae9d3d3","http://www.wikidata.org/.well-known/genid/7a3f54fff946e03011d50109f04a622b","","","","Metropolitan Museum of Art","40.7794","-73.9631"
71,"http://www.wikidata.org/entity/Q19912026","Salome with the Head of Saint John the Baptist","http://commons.wikimedia.org/wiki/Special:FilePath/Salome%20with%20the%20Head%20of%20Saint%20John%20the%20Baptist%20MET%20ep32.100.128.bw.R.jpg","1500","7","","","http://www.wikidata.org/entity/Q160236","http://www.wikidata.org/entity/Q160236","Metropolitan Museum of Art","http://www.wikidata.org/.well-known/genid/2c8c4d4cb3cb5328557a0ae4cfe2f3f4","","","","Metropolitan Museum of Art","40.7794","-73.9631"
72,"http://www.wikidata.org/entity/Q19925990","The beheading of John the Baptist","http://commons.wikimedia.org/wiki/Special:FilePath/Pierre%20Puvis%20de%20Chavannes%20011.jpg","1856","9","","","http://www.wikidata.org/entity/Q679527","http://www.wikidata.org/entity/Q679527","Museum Boijmans Van Beuningen","http://www.wikidata.org/entity/Q216873","Pierre Puvis de Chavannes","male","http://www.wikidata.org/entity/Q142","Museum Boijmans Van Beuningen","51.914183","4.47308"
73,"http://www.wikidata.org/entity/Q20026920","Dance of the Seven Veils","http://commons.wikimedia.org/wiki/Special:FilePath/Gaston%20Bussi%C3%A8re%20-%20Dance%20of%20the%20Seven%20Veils%20%281925%29.jpg","1925","9","","","","http://www.wikidata.org/.well-known/genid/9ecbf1c98e5b4a8e44ad50422346bdc0","http://www.wikidata.org/.well-known/genid/9ecbf1c98e5b4a8e44ad50422346bdc0","http://www.wikidata.org/entity/Q1495565","Gaston Bussière","male","http://www.wikidata.org/entity/Q142","","",""
74,"http://www.wikidata.org/entity/Q20026949","The Dance of Salome","http://commons.wikimedia.org/wiki/Special:FilePath/Gaston%20Bussiere%20-%20La%20danse%20de%20Salome%20ou%20les%20papillon%20d%E2%80%99or.jpg","1923","9","","","","http://www.wikidata.org/.well-known/genid/6f4d0fba8659d51cdc319625e63e6344","http://www.wikidata.org/.well-known/genid/6f4d0fba8659d51cdc319625e63e6344","http://www.wikidata.org/entity/Q1495565","Gaston Bussière","male","http://www.wikidata.org/entity/Q142","","",""
75,"http://www.wikidata.org/entity/Q20054302","Salome with the Head of John","http://commons.wikimedia.org/wiki/Special:FilePath/1870%20Mueller%20Salome%20mit%20dem%20Haupt%20des%20Johannes%20anagoria.JPG","1870","9","","","http://www.wikidata.org/entity/Q162111","http://www.wikidata.org/entity/Q162111","Alte Nationalgalerie","http://www.wikidata.org/entity/Q878576","Victor Müller","male","http://www.wikidata.org/entity/Q183","","",""
76,"http://www.wikidata.org/entity/Q20054303","Herodias","http://commons.wikimedia.org/wiki/Special:FilePath/H%C3%A9rodiade%20L%C3%A9vy%20Nancy%202718.jpg","1872","9","","","http://www.wikidata.org/entity/Q428765","http://www.wikidata.org/entity/Q428765","Museum of Fine Arts of Nancy","http://www.wikidata.org/entity/Q531662","Henri Leopold Levy","male","http://www.wikidata.org/entity/Q142","","",""
77,"http://www.wikidata.org/entity/Q20054304","The Dance of Salome","http://commons.wikimedia.org/wiki/Special:FilePath/Dance%20of%20Salome.jpg","1885","9","","","","http://www.wikidata.org/.well-known/genid/a80b06a4bad5518806c854f49b756736","http://www.wikidata.org/.well-known/genid/a80b06a4bad5518806c854f49b756736","http://www.wikidata.org/entity/Q7344467","Robert Fowler","male","","","",""
78,"http://www.wikidata.org/entity/Q20054305","Salomé","http://commons.wikimedia.org/wiki/Special:FilePath/AlfredStevens003.JPG","1888","9","","","http://www.wikidata.org/entity/Q377500","http://www.wikidata.org/entity/Q377500","Royal Museums of Fine Arts of Belgium","http://www.wikidata.org/entity/Q773855","Alfred Stevens","male","http://www.wikidata.org/entity/Q31","","",""
79,"http://www.wikidata.org/entity/Q20054306","""Oriental Dancer"", also known as ""Salomé""","http://commons.wikimedia.org/wiki/Special:FilePath/Daux%20oriental%20dancer.jpg","1885","9","","","","","","http://www.wikidata.org/entity/Q16945004","Charles-Edmond Daux","male","http://www.wikidata.org/entity/Q142","","",""
80,"http://www.wikidata.org/entity/Q20054307","Salome with the Head of Saint John the Baptist","http://commons.wikimedia.org/wiki/Special:FilePath/Francisco%20Nery%20-%20Salom%C3%A9%20com%20a%20cabe%C3%A7a%20de%20S%C3%A3o%20Jo%C3%A3o%20Batista.jpg","1845","8","","","http://www.wikidata.org/entity/Q5102152","http://www.wikidata.org/entity/Q5102152","Museum Dom João VI","http://www.wikidata.org/entity/Q20054286","Francisco Nery","male","http://www.wikidata.org/entity/Q155","","",""
81,"http://www.wikidata.org/entity/Q20054309","Salome","http://commons.wikimedia.org/wiki/Special:FilePath/Wilhelm%20Tr%C3%BCbner%20Salome.jpg","1897","9","","","http://www.wikidata.org/entity/Q686531","http://www.wikidata.org/entity/Q686531","Lentos Art Museum","http://www.wikidata.org/entity/Q461271","Wilhelm Trübner","male","http://www.wikidata.org/entity/Q183","","",""
82,"http://www.wikidata.org/entity/Q20054310","Dance Of the Seven Veils","http://commons.wikimedia.org/wiki/Special:FilePath/PointArmandDanceOftheSevenVeils.jpg","1890","8","","","","","","http://www.wikidata.org/entity/Q732208","Armand Point","male","http://www.wikidata.org/entity/Q142","","",""
83,"http://www.wikidata.org/entity/Q20054313","Salome's Dance","http://commons.wikimedia.org/wiki/Special:FilePath/Maurycy%20Gottlieb%20-%20Salome%27s%20Dance%201879.jpg","1879","9","","","","http://www.wikidata.org/entity/Q11787092","National Museum in Kielce","http://www.wikidata.org/entity/Q443136","Maurycy Gottlieb","male","http://www.wikidata.org/entity/Q34266","","",""
84,"http://www.wikidata.org/entity/Q20054381","Beheading of St. John the Baptist","http://commons.wikimedia.org/wiki/Special:FilePath/Benedito%20Calixto%20-%20Degola%C3%A7%C3%A3o%20de%20S%C3%A3o%20Jo%C3%A3o%20Batista.jpg","1924","9","","","","","","http://www.wikidata.org/entity/Q3325858","Benedito Calixto","male","http://www.wikidata.org/entity/Q155","","",""
85,"http://www.wikidata.org/entity/Q20054382","Salomé holding the severed head of John the Baptist","http://commons.wikimedia.org/wiki/Special:FilePath/Eder%20Gyula%20%281875-1945%29%20Salome%20with%20head%20of%20John%20the%20Baptist%2C%201907%20%28Palatul%20Culturii%2C%20Tg.%20Mures%2C%20RO%29.jpg","1907","9","","","","","","http://www.wikidata.org/entity/Q16523938","Gyula Éder","male","http://www.wikidata.org/entity/Q28","","",""
86,"http://www.wikidata.org/entity/Q20054384","Salome","http://commons.wikimedia.org/wiki/Special:FilePath/Henri%20Robert%20Salome.jpg","1909","9","","","http://www.wikidata.org/entity/Q612530","http://www.wikidata.org/entity/Q612530","John and Mable Ringling Museum of Art","http://www.wikidata.org/entity/Q724860","Robert Henri","male","http://www.wikidata.org/entity/Q30","","",""
87,"http://www.wikidata.org/entity/Q20054385","Salome","http://commons.wikimedia.org/wiki/Special:FilePath/Henri%20Robert%20Salome2.jpg","1909","9","","","http://www.wikidata.org/entity/Q6803132","http://www.wikidata.org/entity/Q6803132","Mead Art Museum","http://www.wikidata.org/entity/Q724860","Robert Henri","male","http://www.wikidata.org/entity/Q30","","",""
88,"http://www.wikidata.org/entity/Q20054386","Salome","http://commons.wikimedia.org/wiki/Special:FilePath/Henry%20Ossawa%20Tanner%20-%20Salome%201900.jpg","1900","8","","","http://www.wikidata.org/entity/Q1192305","http://www.wikidata.org/entity/Q1192305","Smithsonian American Art Museum","http://www.wikidata.org/entity/Q1374436","Henry Ossawa Tanner","male","http://www.wikidata.org/entity/Q30","","",""
89,"http://www.wikidata.org/entity/Q20054387","Salomé II","http://commons.wikimedia.org/wiki/Special:FilePath/Klimt-Salome.jpg","1909","9","","","http://www.wikidata.org/entity/Q756807","http://www.wikidata.org/entity/Q756807","Ca' Pesaro","http://www.wikidata.org/entity/Q34661","Gustav Klimt","male","http://www.wikidata.org/entity/Q131964","","",""
90,"http://www.wikidata.org/entity/Q20054388","Salome","http://commons.wikimedia.org/wiki/Special:FilePath/Manuel%20Orazi%20Salome%201930.jpg","1930","9","","","","http://www.wikidata.org/.well-known/genid/580d05f7ff4ec7127f926edbef2d76ab","http://www.wikidata.org/.well-known/genid/580d05f7ff4ec7127f926edbef2d76ab","http://www.wikidata.org/entity/Q1455738","Manuel Orazi","male","http://www.wikidata.org/entity/Q172579","","",""
91,"http://www.wikidata.org/entity/Q20054389","Salomé","http://commons.wikimedia.org/wiki/Special:FilePath/Salom%C3%A9%20by%20Julio%20Romero%20de%20Torres.jpg","1926","9","","","http://www.wikidata.org/entity/Q6033464","http://www.wikidata.org/entity/Q6033464","Museo Julio Romero de Torres","http://www.wikidata.org/entity/Q1712402","Julio Romero de Torres","male","http://www.wikidata.org/entity/Q29","","",""
92,"http://www.wikidata.org/entity/Q20054443","Salome's Dance and Execution of John the Baptist","http://commons.wikimedia.org/wiki/Special:FilePath/Salome%20anonym%20S%C3%BCdtirol%2018%20Jh.jpg","1775","7","","","","","","http://www.wikidata.org/.well-known/genid/62bf869f80d185b625886ae3124ac69b","","","","","",""
93,"http://www.wikidata.org/entity/Q20054445","Salome and the head of St. John the Baptist","http://commons.wikimedia.org/wiki/Special:FilePath/Traversi%20Salome.jpg","1760","8","","","http://www.wikidata.org/entity/Q230492","http://www.wikidata.org/entity/Q230492","University of Michigan","http://www.wikidata.org/entity/Q1388163","Gaspare Traversi","male","","","",""
94,"http://www.wikidata.org/entity/Q20275909","Salome","http://commons.wikimedia.org/wiki/Special:FilePath/Joakim%20Skovgaard%20-%20Salome%20-%201899.png","1899","9","","","http://www.wikidata.org/entity/Q671384","http://www.wikidata.org/entity/Q671384","Statens Museum for Kunst","http://www.wikidata.org/entity/Q2070040","Joakim Skovgaard","male","http://www.wikidata.org/entity/Q35","Statens Museum for Kunst","55.68889","12.57861"
95,"http://www.wikidata.org/entity/Q20891392","Salome with the Head of Saint John the Baptist","http://commons.wikimedia.org/wiki/Special:FilePath/Onorio%20Marinari%20-%20Salome%20with%20the%20Head%20of%20Saint%20John%20the%20Baptist%20-%202003.117.1%20-%20Minneapolis%20Institute%20of%20Arts.jpg","1680","9","","","http://www.wikidata.org/entity/Q1700481","http://www.wikidata.org/entity/Q1700481","Minneapolis Institute of Art","http://www.wikidata.org/entity/Q2294631","Onorio Marinari","male","http://www.wikidata.org/entity/Q154849","Minneapolis Institute of Art","44.95818","-93.27411"
96,"http://www.wikidata.org/entity/Q23690238","Salome with the head of St. John","http://commons.wikimedia.org/wiki/Special:FilePath/Gottlieb%20Salome.jpg","1877","8","","","http://www.wikidata.org/entity/Q1191732","http://www.wikidata.org/entity/Q153306","National Museum in Warsaw","http://www.wikidata.org/entity/Q443136","Maurycy Gottlieb","male","http://www.wikidata.org/entity/Q34266","","",""
97,"http://www.wikidata.org/entity/Q24430401","Salome with the head of Saint John the Baptist","http://commons.wikimedia.org/wiki/Special:FilePath/Salom%C3%A9%20avec%20la%20t%C3%AAte%20de%20Saint%20Jean-Baptiste%20-%20Lucas%20Cranach.jpg","1530","9","","","http://www.wikidata.org/entity/Q840886","http://www.wikidata.org/entity/Q840886","Museum of Fine Arts, Budapest","http://www.wikidata.org/entity/Q191748","Lucas Cranach the Elder","male","http://www.wikidata.org/entity/Q12548","Museum of Fine Arts, Budapest","47.51611","19.07639"
98,"http://www.wikidata.org/entity/Q24436847","The Feast of Herod","http://commons.wikimedia.org/wiki/Special:FilePath/Lucas%20Cranach%20d.%C3%84.%20-%20Gastmahl%20des%20Herodes%20%28Wadsworth%20Atheneum%29.jpg","1531","9","","","http://www.wikidata.org/entity/Q403080","http://www.wikidata.org/entity/Q403080","Wadsworth Atheneum Museum of Art","http://www.wikidata.org/entity/Q191748","Lucas Cranach the Elder","male","http://www.wikidata.org/entity/Q12548","","",""
99,"http://www.wikidata.org/entity/Q26831225","Salome","http://commons.wikimedia.org/wiki/Special:FilePath/Titian%20-%20Salome%20with%20Head%20of%20John%20the%20Baptist.png","1515","9","","","http://www.wikidata.org/entity/Q1752085","http://www.wikidata.org/entity/Q1752085","Norton Simon Museum","http://www.wikidata.org/entity/Q47551","Titian","male","http://www.wikidata.org/entity/Q4948","","",""
100,"http://www.wikidata.org/entity/Q26831241","Salome","http://commons.wikimedia.org/wiki/Special:FilePath/Salome%20with%20the%20head%20of%20John%20the%20Baptist%20%28Titian%29.jpg","1550","9","","","http://www.wikidata.org/entity/Q160112","http://www.wikidata.org/entity/Q160112","Museo del Prado","http://www.wikidata.org/entity/Q47551","Titian","male","http://www.wikidata.org/entity/Q4948","Museo del Prado","40.413888888889","-3.6922222222222"
101,"http://www.wikidata.org/entity/Q27766932","Triptych: ''Herodias receives the head of John the Baptist''","","1550","8","","","http://www.wikidata.org/entity/Q768717","http://www.wikidata.org/.well-known/genid/f881ba9ffeba11ebff45de138580e681","http://www.wikidata.org/.well-known/genid/f881ba9ffeba11ebff45de138580e681","http://www.wikidata.org/entity/Q320980","Lucas van Leyden","male","http://www.wikidata.org/entity/Q27996474","","",""
102,"http://www.wikidata.org/entity/Q27952175","Salome","http://commons.wikimedia.org/wiki/Special:FilePath/Salom%C3%A9%20-%20Francisco%20Masriera.jpg","1888","9","","","http://www.wikidata.org/entity/Q1848918","http://www.wikidata.org/entity/Q1848918","Museo Nacional de Bellas Artes","http://www.wikidata.org/entity/Q1531238","Francesc Masriera Manovens","male","http://www.wikidata.org/entity/Q29","Museo Nacional de Bellas Artes","-34.58405556","-58.39280556"
